-- phpMyAdmin SQL Dump
-- version 4.8.5
-- https://www.phpmyadmin.net/
--
-- Host: 127.0.0.1
-- Generation Time: May 07, 2023 at 07:44 PM
-- Server version: 10.1.38-MariaDB
-- PHP Version: 7.3.2

SET SQL_MODE = "NO_AUTO_VALUE_ON_ZERO";
SET AUTOCOMMIT = 0;
START TRANSACTION;
SET time_zone = "+00:00";


/*!40101 SET @OLD_CHARACTER_SET_CLIENT=@@CHARACTER_SET_CLIENT */;
/*!40101 SET @OLD_CHARACTER_SET_RESULTS=@@CHARACTER_SET_RESULTS */;
/*!40101 SET @OLD_COLLATION_CONNECTION=@@COLLATION_CONNECTION */;
/*!40101 SET NAMES utf8mb4 */;

--
-- Database: `aims_3point0`
--

-- --------------------------------------------------------

--
-- Table structure for table `accounts`
--

CREATE TABLE `accounts` (
  `AID` int(50) NOT NULL,
  `date` date NOT NULL,
  `account_name` varchar(50) NOT NULL,
  `description` varchar(100) NOT NULL,
  `AGID` int(50) NOT NULL,
  `default_account` varchar(10) NOT NULL
) ENGINE=InnoDB DEFAULT CHARSET=latin1;

--
-- Dumping data for table `accounts`
--

INSERT INTO `accounts` (`AID`, `date`, `account_name`, `description`, `AGID`, `default_account`) VALUES
(14, '2022-11-13', 'Cash', '', 1, 'Yes'),
(15, '2022-11-13', 'Inventory', 'Stocks, Materials, etc.', 1, 'Yes'),
(16, '2022-11-13', 'Accounts Receivable', '', 1, 'Yes'),
(17, '2022-11-13', 'Accounts Payable', '', 2, 'Yes'),
(18, '2022-11-13', 'Sales', '', 3, 'Yes'),
(19, '2022-11-13', 'Owners Capital', '', 4, 'Yes'),
(20, '2022-11-13', 'Materials Cost', 'Materials that was used for operation', 5, 'Yes'),
(21, '2022-11-13', 'Tax', '', 5, 'Yes'),
(23, '2022-11-23', 'Salary', '', 5, 'Yes'),
(24, '2022-11-23', 'Labor', '', 5, 'Yes'),
(25, '2022-12-16', 'Electricity Bill', '', 5, 'No');

-- --------------------------------------------------------

--
-- Table structure for table `account_group`
--

CREATE TABLE `account_group` (
  `AGID` int(50) NOT NULL,
  `date` date NOT NULL,
  `group_name` varchar(50) NOT NULL,
  `description` varchar(100) NOT NULL,
  `type` varchar(50) NOT NULL,
  `default_ag` varchar(50) NOT NULL
) ENGINE=InnoDB DEFAULT CHARSET=latin1;

--
-- Dumping data for table `account_group`
--

INSERT INTO `account_group` (`AGID`, `date`, `group_name`, `description`, `type`, `default_ag`) VALUES
(1, '2022-10-28', 'Asset', '', 'Debit', 'Yes'),
(2, '2022-10-28', 'Liability', '', 'Credit', 'Yes'),
(3, '2022-10-29', 'Revenue', '', 'Credit', 'Yes'),
(4, '2022-10-31', 'Equity', '', 'Credit', 'Yes'),
(5, '2022-11-02', 'Expenses', '', 'Debit', 'Yes');

-- --------------------------------------------------------

--
-- Table structure for table `acc_set`
--

CREATE TABLE `acc_set` (
  `component` varchar(255) NOT NULL,
  `state` varchar(255) NOT NULL
) ENGINE=InnoDB DEFAULT CHARSET=latin1;

--
-- Dumping data for table `acc_set`
--

INSERT INTO `acc_set` (`component`, `state`) VALUES
('curr_journal', '1');

-- --------------------------------------------------------

--
-- Table structure for table `general_journal`
--

CREATE TABLE `general_journal` (
  `JID` int(255) NOT NULL
) ENGINE=InnoDB DEFAULT CHARSET=latin1;

--
-- Dumping data for table `general_journal`
--

INSERT INTO `general_journal` (`JID`) VALUES
(1),
(2);

-- --------------------------------------------------------

--
-- Table structure for table `inv_set`
--

CREATE TABLE `inv_set` (
  `component` varchar(255) NOT NULL,
  `state` varchar(255) NOT NULL
) ENGINE=InnoDB DEFAULT CHARSET=latin1;

--
-- Dumping data for table `inv_set`
--

INSERT INTO `inv_set` (`component`, `state`) VALUES
('stock_limit', '5'),
('order_limit', '2');

-- --------------------------------------------------------

--
-- Table structure for table `journal_entry`
--

CREATE TABLE `journal_entry` (
  `JEID` int(50) NOT NULL,
  `date` date NOT NULL,
  `time` varchar(50) NOT NULL,
  `description` varchar(100) NOT NULL,
  `encoder` int(50) DEFAULT NULL,
  `JID` int(255) NOT NULL,
  `deleted` varchar(255) NOT NULL
) ENGINE=InnoDB DEFAULT CHARSET=latin1;

--
-- Dumping data for table `journal_entry`
--

INSERT INTO `journal_entry` (`JEID`, `date`, `time`, `description`, `encoder`, `JID`, `deleted`) VALUES
(104, '2022-12-16', '16:00:16.463', 'investment of owner', 50, 1, 'No'),
(105, '2022-12-16', '16:11:01.165', 'Printing for Egames', 50, 1, 'Yes'),
(106, '2022-12-16', '16:19:17.412', 'printing for Egames\n', 50, 1, 'Yes'),
(107, '2022-12-16', '16:26:29.831', 'Bought T-Shirt from Vienji Works', 50, 1, 'No'),
(108, '2022-12-16', '16:29:43.536', 'Printing for Egames', 50, 1, 'No'),
(109, '2022-12-16', '16:39:55.426', 'For printing', 50, 1, 'No'),
(110, '2022-12-19', '10:57:11.885', 'for gift', 51, 1, 'No'),
(111, '2022-12-19', '11:03:57.493', 'For the mugs', 50, 1, 'No'),
(112, '2022-12-19', '11:27:01.563', 'For Intrams', 50, 2, 'No');

-- --------------------------------------------------------

--
-- Table structure for table `journal_item`
--

CREATE TABLE `journal_item` (
  `account` int(50) NOT NULL,
  `action` varchar(50) NOT NULL,
  `amount` float NOT NULL,
  `JEID` int(50) NOT NULL
) ENGINE=InnoDB DEFAULT CHARSET=latin1;

--
-- Dumping data for table `journal_item`
--

INSERT INTO `journal_item` (`account`, `action`, `amount`, `JEID`) VALUES
(14, 'Debit', 20000, 104),
(19, 'Credit', 20000, 104),
(20, 'Debit', 500, 105),
(15, 'Credit', 500, 105),
(14, 'Debit', 900, 106),
(18, 'Credit', 900, 106),
(14, 'Credit', 2000, 107),
(15, 'Debit', 2000, 107),
(20, 'Debit', 500, 108),
(15, 'Credit', 500, 108),
(14, 'Debit', 900, 109),
(18, 'Credit', 900, 109),
(20, 'Debit', 750, 110),
(15, 'Credit', 750, 110),
(14, 'Debit', 3000, 111),
(18, 'Credit', 3000, 111),
(20, 'Debit', 1500, 112),
(15, 'Credit', 1500, 112);

-- --------------------------------------------------------

--
-- Table structure for table `orders`
--

CREATE TABLE `orders` (
  `OID` int(50) NOT NULL,
  `date` date NOT NULL,
  `supplier` int(100) DEFAULT NULL,
  `no_of_items` int(100) NOT NULL,
  `order_total` float NOT NULL,
  `status` varchar(100) NOT NULL,
  `ordered_by` int(100) DEFAULT NULL,
  `payment_method` int(100) NOT NULL,
  `date_received` varchar(255) DEFAULT NULL,
  `receiver` int(100) DEFAULT NULL,
  `time` varchar(20) NOT NULL
) ENGINE=InnoDB DEFAULT CHARSET=latin1;

--
-- Dumping data for table `orders`
--

INSERT INTO `orders` (`OID`, `date`, `supplier`, `no_of_items`, `order_total`, `status`, `ordered_by`, `payment_method`, `date_received`, `receiver`, `time`) VALUES
(36, '2022-12-16', 3, 1, 2000, 'Received', 50, 14, '2022-12-16', 50, '16:03:59.545'),
(37, '2022-12-19', 7, 1, 2000, 'To Receive', 51, 14, NULL, NULL, '10:54:16.744'),
(38, '2022-12-19', 3, 1, 1500, 'To Receive', 50, 14, NULL, NULL, '11:31:09.728');

-- --------------------------------------------------------

--
-- Table structure for table `order_items`
--

CREATE TABLE `order_items` (
  `OID` int(50) NOT NULL,
  `name` varchar(50) NOT NULL,
  `quantity` int(11) NOT NULL,
  `amount` float NOT NULL
) ENGINE=InnoDB DEFAULT CHARSET=latin1;

--
-- Dumping data for table `order_items`
--

INSERT INTO `order_items` (`OID`, `name`, `quantity`, `amount`) VALUES
(36, 'T-Shirt', 20, 2000),
(37, 'T-shirt', 20, 2000),
(38, 'Key Chains', 15, 1500);

-- --------------------------------------------------------

--
-- Table structure for table `stocks`
--

CREATE TABLE `stocks` (
  `SID` int(255) NOT NULL,
  `item_name` varchar(100) NOT NULL,
  `supplier` int(50) NOT NULL,
  `quantity` int(100) NOT NULL,
  `cost_per_item` float NOT NULL,
  `item_desc` varchar(100) DEFAULT NULL,
  `encoder` int(50) NOT NULL,
  `status` varchar(255) NOT NULL,
  `deleted` varchar(255) NOT NULL,
  `image_filepath` varchar(255) DEFAULT NULL,
  `image_file` longblob
) ENGINE=InnoDB DEFAULT CHARSET=latin1;

--
-- Dumping data for table `stocks`
--

INSERT INTO `stocks` (`SID`, `item_name`, `supplier`, `quantity`, `cost_per_item`, `item_desc`, `encoder`, `status`, `deleted`, `image_filepath`, `image_file`) VALUES
(22, 'GVC Logo', 4, 20, 100, 'School Logo', 48, 'Available', 'No', 'C:\\Users\\Vienji\\Desktop\\GVC LOGO.png', 0x89504e470d0a1a0a0000000d49484452000000a7000000960806000000bb3098e40000000473424954080808087c0864880000200049444154789cecdc77745ce761e7fdefedd31b3028c40c000204480224d849809d22294ab2ba0c4b8e6dc58e5b9cc4717ad938c96e9c8ddf6c367612c79615db912d37155bcd2229919228f64eb0032c202ad1cbf4b973ebfb0793bc79f7ec3ad9635bb274fcc3b9e7cc3f73f0dc673ee779ee7d1afc223fd58c0d8dbb6f7719de2d11deee02bc9373aed0d79e310ac999620e5b8272299888c85ebca232dc144c3cfb7697ef9d1ef9ed2ec03b2dfba64fb74f1553c9be9b371361af2f912e6693866580a292532d64b144c4e71bfafaa5e7f858eb83bf00fa13e41738ff2ff25ccf9ece8a6059fb6429932c8866e2b63f7c24612862d20a79b0548942264bc812d9b870e9d0d6556b939f7df5b1449d5a73f4e35bee3df67697fd9d985f74ebff89ec1a3bd43e969eea68f1253a9e3cb1ab7dd7f553c9417b96ea5084b1421a5b76201a04cb8189143e4324192a1bfaa5da0786572e5c74f454ead2703c183efa6b4b1efa05d2ff8bfc02e78fc977c68eb5ebe9d98e4d750b137b064f773cddfd66e2e8504fd2c44292156c631a311a03dd829203968be44a689a875c268be855a9f7940ddd59bf6af8e1a5db8e4e940ac389f29aa3edbeb9bf40fa9fc8bb16e7b9b16bed8e6827c14602bc928a2ccb4373c3ff318c27ce1d6a9fb4663a962e5e94b8d473be63efc97d89aee14bc90972b83e059fc78bea8a08a2818844315f40d13c18a64dbe904308074196084a0ac5990ce562906dad1d430fadbb6b7875acf5e8f74ebd385c160c0ed7c6ab0878030018b68d611818b64dd130281673e48a45d2e934e95c0ec330f0aa2ab5f12ae6d6d4521e2e1b5af22e47feae7be63c3476b97d6a66a643b2c484e3b793aee962bbe0ba2e1e4919fab337bfdc31969e1d06b025095b5201300c1ba35824e8f12792d168627468aae3b79ef8abc4746e369932333851f0052b105dc8cda4c8a5b2f8e2655896896158447c323eaf0f4b1191bc1a96eb90999e400d87492b02dfbffe66f28717f6275b6289c4e6e665c355b1f0b057f12289122e8065e102a222225a802822ba204912aeeb62182514172cd746f12884bda1a12787df4c3e9ad8fcae7de97a57b59c07277a3ae79655b6bfd973bae3e0b9d389ddc3479312023e5925ec0b100f4586c2bee0b04f568725206739a88100b62052cc16b18b3a0656e2cacc48a27bf06ad22fba14150b2728836bdcfa279a0f04198f2f80ee98605b3093064dc3ebf3220b02a228924e4f23847db8b60dae80244aa8828468d818991c66364f59cd5c24494210042cd7c1b42c74c7c23074304a489680a2a9b89248a954829281d7e7a7beba86aacaaaa1bfbcfdb78f5deced7ef6930b6e7f57027dd7e0dc3ddad5b9a46a61e73f1dfc7efb575f7926690664a6ab2d444144b45dec6209b7a8836e80e30202aa6922954731027e6cd301c346746d1cc100d7a4d2f493962dec808c3993423114aa3d51b29912baed621936aa26639a2534bf8a23d91405036f348025b9946c1b0a2672ce44331c2cdba0a400111fc4824819136c074594f0783cc8aa828143de2c615b260836822c237954445902c7c5d44bb88522e8060fcebd7be8573aee387665bcffd9df5df9c8bb0ee8bb02e78b13a73a93d1cace6fbdf962fbf3675f4f0e1ad3a058e01540559125191c074b37c071502419555591b353989a8f822b210a2a2141213b33856de708256218b6075db0c0a322cf94b8a766399fbaed6192b104a2e0c79b2f606b0219b7c8a895e64767f6f1ed7d2f90316721ea43c90758109bc3aa398d3495cf41d1547af3d31c1bebe5e2f820a25c42b45d3cae8864bb148b450a968112f011288be0e4b238ae8be1da588e8de33848828847529025097d4a60ebfc15431f5cb1edd864a970744175f2e8f6b215ef9ae7d077fc33e79e89f39df158bcf3fb2777b73ff6fa534923ec925858cbf0d00de4928060e8200a388e83e038b8ae8b291898a52282aae2e64d02458175f50b5852dfc4e9eed3bcd97f1ad31070ad12a88028229930478db2acac890021c6f25954c58f282b48f8b0148db27084b0d74f4e36f00543fce1f24758b368294b62f3d11070104963736ab49b835da7f9879eef41b144c91189697e028a1fc99128162cf2561a2f36b224212b0a2547c0300c702c6c096445a0149379b9ef6872a838c3c7d7df975818abe7d0d839d6572d7957007d47e37ca9ef507b73bcbefd6b077ed8fec4be1f2429d7500330dcdb8da08aa8928f926562db0ea22ca1fabc08aa8c6ddb9896851bd4c071a811e23cb4783bf7aed8cab3912a2eeb538c47441a6ee619d60be8c51ca5d9222232163217478778fdf4699ee9d98fc7abe26220ab30991d2393c9505b534ea4bc8c5f5b732f012dc0d0f808af9f3c43201062fdbacddc5dbd8aa67c192f4dec67fae618114965cbd2763a56acc2b02d8e9e3ec9a9f36719f3eae48a0528e8a02ac8a1109aa6e1182699a20e011564997385c1e40f4ebd9e2ccb49a4ac2cc0bb02a7f47617e02749e3032b3a2f0c9cdff1d8c59dad93fe0c76c0c1ab29047d1e6cb384e67a294912145d5a0235e46772e43509351ac69eca502385c94a69d26e8a797a80db5bb76257d7f042f77e6cc6992c1858a2001e055c87c6783ddb6b5a099a0aa6472614d2a164525b594dd5fc1aceaba34cdafde4670a7c79cbafb0ccbf9c83f9f3dcbdfb4ff9d6c04b1c9abcceecd838f39b1b0896fb481fefe2885767b622c8afae7b845f8d6fa2d68db3bdf54e76cc5fcddafa55c46c3f9a2740ba9443f40a588e0e6609d13611a64daa5c0dbb54e45a71942be303dc396789d0fcc8460e3eb9f3f2dbfdfbfca479c7b69c1fdef3979dbaa8773cf9c6aec4a49526d65443d128a24fa6d10489900eb35a119fe4e1371ef9041d552dec3a7190c7f73d852e3a045499b1c22c683696e5322b5a38ae4593adb1c0f4f1fac80c559549044122ed5888212f85c91461d987bfbc9c2d5535ac6a5980558039be0025206ef8f8e2f50c31cd47c3bcdb706c97eea19ba4a66611d50821dbc3c5b397f8a1ba0b5f3cc8e5389837f2cc29a86c2845a00899d914a9f414cdbe286d0d356c6b58c4d1d445fef889ffc15076160303cdefc115054cc76282029a6912153c8c4833c9ffe7c2cb7caaed6efec7f127f983358fbea35f92de91383ff3dcdf762e0a34767eb6efdbed998893544b1ae6541adbb170102979bdf8a2316466310773ac2d5fc86dfe369ca4c1b7cc1fa1e77504a144500d217902e4cc12bda50c93fa2c8d6a848eba85bc56b8c0583e8d6b5a20ab686a90e9628e9463a1582603a92c7df92b28f89891cb28e9598aa91cde924850f5a2e2419014c6ae0ea1de2cf0c1471ee65757fe12e2588ea9b109ba87afd33b3b09799307376da2b92a49667c8c7f3cf0122ff69fa1b9be9e47fd4dd4af6ea5e8b34917f3d81e174c13c7f6a0c82ab1c66a5266117b368f561271fc2a678ca1e413575fe38bdb7e85af5f7a918fb5def78e05fa8ec3f93b7bbed439afbcb6f3734f7dad7d3c3a908cd4d55398c9921d982020fb3105c89919729531c4620a2757e0c6b9ebdcb67821b55205ab1a9670307d1a43054f3a4d500f537204ce4e0fd15318a751f2d3d2bc08c6f72153c44c15903c5e4a2ea42498545db2d914bb8f1de6afce7e1ed410b2e341c121eb29922b8e52e96b4171a63084008e2d20382ae9599d34268df16a9aab1a59b374397da78a7c676237739be6316d1b54555771db9a0e2e04f3bcd97f89be0b17517bf72056fb182187100842c146b45cfcb2426e700c3d208147602c9326228b84352fa726ba939f39facf3cdefe9b7cfdf8737c6ccd3b7375d43b02e7e9c2b5f6895c3a7966e0622288afe32b877fd83ee8cb2413e5750cdf18859cced6f9ed7cb4e34e2451e3bbe70ef2d2d5b3384113bc3e4e5eebe6036def2119afe2b665ed1cdc7d1cd3e74128b33175114d8d30ad1b4c8839901c9afc953023630e8f50e60ba3fa5c5cbf4a7a628c90e2251e8bd0b17409c9912a1c7f144d0e1270212364389b9e421445f2a2cd8c9ea56a6e2df1fe1af69e3ac9447f96db924be95cbb89da508cbede3e023987d6680d0159854c8607e62d67e3bc45f44d0cf0f4ec257eb0e745faaf5c82322fae6ba304fc08051bc780dc748a267f13d148052746ce91bade4fb8a20649153936d99dfcbb97bfc58e351bf9a3038f251657d40fd7452a86d657bd73869a7eae719e2ef4b5cf14b31d212d94982d15927e8f2ff1d4f157131753d7933494a10dd96c48ace0913befe7de8a55545b36121e1e6cdec0ebdd5dfcf7cbcfd2e38c7360b8872bc551565537d1d1d042448c922a16d1e345c67212aa6343c9a677f03a2c6965996f0e9f285b47d5820d2caf9b47c93198d104bef7c47791f31924a0adba8aa71ffd474cc943b512270a5c2df4f1dbb92f72756282278f9ee66f56dccbfb96aea532e2a17f6292b81c6759e57c1ab410d9e14152b86c6e5c42ab1144f2297ce5e25ecadb1a690844688e96f3c98a3b98e8ba40666410cb96c8647268e5e594449d997c9e60592d9f5872375be7afe099ca637cfbd4ebe8c52cb263519cd179d238923c7268902df3da12aaaa0e577a23435f3af97447400b0dd7c66b88856304d400b2240ccd15c23f77687fee705e1eeb6b2f144ac9717d3611f7c612537ab6e31bc776268e5e3b9dec1fef67bc34035e078c0cf3cb96f1a10df7b0a3620d93d9719e3c7f966834ca86a6c5ec58d08e11f2f1f7a777f1fae87e76771f604555256dd16aee6addc433978f634d8d52ef9453ae5692f7095c3a7b86dc926d047ce5fcc6e6f7134bc8cc117d18d8f491a37bf945467253a4cd14d1ea2a0219483b26397106c975b1c4025e9fcab491e13bfb5e60abbf8a968573d951bf0ca15e40317d488a971c396e08b34c4c4ff1c98d0f938894733533c5df1f7c8981130592b11877b42ca7410b31383582e0512939164812a6ed80058a28b325d0c2b6f9eb591aaa23b93cc1f2da25bc7ee33487cf1d2673e5126afb5cae0c5f4b5e79fd627267d74156245b861657360e47bdd1610950140fae081adad0f1e9be0e8fd77b7489afeae706e9cf0dceaff4ed6a97103a42814822931d490a793bf18f2f7f2bb1e7fcf1e4f5d2186a9917532b21a9125e45a4989965d58a55bca7612dd6f0045f7ff969be317b81192bc5ed8d2bf9a7477e93bb936b786db29703372fd33d769542768aea5035f7756ce7f0d04dee6d99c3e6e426aac20b189274befbc2b7b8eea609e505ca13731898bacad1b30770bc028732bd1c1ee8e6ea601f21c1831c08204dcf30e5f330a9e7498d0de14928dc10a770632a666a96f7edf947dabb6b692f4bb030508b478d316817389ebec68181d378733681788c3c0e01af8f3fb8f3118e0e5de2587717cff43d8f51ee2355ca428d17ec02f84294323aaa23501529e3cfd774521b6aa067721c6d6896cea52b6999d3403c1ee564ac8ca353e709f83d98013f43669ea1bea3c917ae9e4c06d510616f807629494d65152d0d4d43adf5f3866bbcbec4cba35dc9bbab97fd5c3ca3beed38ff7cd757da7382d151152a4b9c1dbfd6f187e7be923879e94c726c62145994700222396f1e3c795034c8899439414a2326fe4e0f41d7c3be9cc9e353e7f0240ac8a971f65c7a9dbf7ebd8daf6cbb9d871a1772f4eceb1c1fede50d61866d5473af7f216b76fc01955509e4a0484a98c14c5994f2637cee99e7c13fceb5ab135495a7981c1d4674f224ca022cadf2e116f3dc75db560e1f7c9d647539d1b849ef951c73b784c864520cf58aac5853c3c5ae69cc084c8d5c66d7e157792918c20806182e6611421a25c1a53d528114d2d131282b897cb4650bef6b5dc9b5cd5bb834759da77b8f70697c8499f114f67809a5224026a462f40ff3dfeef8288905adb8d92cbb0fbcc173170fb32dbd910fafdeca1fcd7f80d335cbf8a367fe860925473fa34001cd1570a74be8c5591462bc690e620d4be4ba8bc9881c4d3eb4fa8ec4a76f7b38f9c4f9dd7ca4edceb71de8db86f3a9be7ded8363631d896059e2a563af75fcd617fe3c91d58ca4ed13c8ea593c3e8d8c5f467614b4ac8b7f4a4495356c45c6097a901a2b5822c6c17598954a486185899bbd54560618b71cbe79f0dbfcfed26554c71ba809573235304af7a9f3b46f59881108916fd6d833728ef1be09aef61fe66a772fe38367d0a6532c5b9820941fe1de65413c0db54c4f0eb3acb589b3278fb26ddb3a46068f5355a6b3604b9c279f7889471f6ec32e699c3c79814ffcd976ba8ecf52b1364da26a8654dee4e662032d1ae066dae1fa68094b91b83134c2a53e93fffef8e3440249d62dddc2b6c51b4850c112a982e5b16508de0a7eefe45fa3074b186559882a30a3f39eb577705bed662a8a22036681f1390a87ae4c70e8c037d93f7e810facd880c772e89aecc5965d041510244a968d2cfa91420a59bb84e898b8928410f151306d769fde9f4c0d8df1fef63bf8fcf1eff2c76b3ef0b6027d5b70be7ce378e7fccafaf653a3573a9edab32bd133de9f2c786c94880f411570350d351ca4982f52ad9471efa2956ca95e846598ecbe7a8ce7874e60c645866e0ec31c8779b1089b1be7f37c57172519cacb43284593e9f112e5713f8160394a34c4a1bef384cb63a427b3f4f40f70be7b1791b080d7858e6515b4372c62557314af2e31eb55595a17e3d4e9636c58b690998901e6560608281643372eb379f366ae9d39c1f6e56d04f43c470f9f60f3aa554c5f3b437630cda6db96901d98a4f7d445766cdfc1c8f80cc5816efef49ef7902be579f6b9c33cba6d153302ec3aff26df7c7e374fed4d121122ac4ab6b27de57a06049bb42d600754d04424cd26e42be7a105dba91512e037c1abf1cb1d77b22059c90fde7899a3dda7e8ee3b87902fa2074b040d0f61dd43a92033ed1671ca3c085e19b3984590c0b50cd0c0f4f9199c1a63e2ca64322f59dcb7e976feb6eb597e7759e7db06f42d9fbe7c7db4abb3221aebfccefe17777cede473ad838589b014f721443c9892038283ab17314b256a52013e7bf7c7f8ddd5ef674959338baa1a685ab48081dc28d746aed35b48b37df11a166a15846d87abb323dce81ba0bc14e3e19a0edeb7fcbd8c4879765e3b4ed7ec15aef69fe0f2f943c8b343180397f8c0e6249b5abcc46c9ddb3b14ae9f38c9ea952e97ce1e63519b8f8c5162647a90fa05b59cb8709225eb5670beef1a4a599878432d47779e64d59ab98cf54b24926112732a39b0f7329bb63450c8081c3a3bc2f67bdec7f1b3971114850d9bd6d275ea009363d759bdac9145e52ed3dd07585ea1f1c0fa363cee0c63a5012e18bdfcc3a1277963e826424c43741c9c6993e098c823f377f0e0fcedc4d500bf73e0ebbc70ec7512218df7d52e627e798cae743f970a23e4bcb03c96e097d7ddc3a7d677b2a66629b2a3319e9a266f16f0470308ae8bedd8e0baa008487e2f924766ba940e9f1bec09fdf5868f66def7eb1fcd7cfd0b5f1e7eab9dc05bdc72f6b963ed9a23b57ffbe4eef6c7f67e2fc93c3f8a57c1562ccc4c16041159f3820e8aebf0e5f7fe0ecd554d0ccf4c30359366d2ce72cdb8c9a5de1e229a8f0be6088f9fdbc9efd46ee38e05eb686c59c19ed1f334a9952cd792d801d8bb770fd7ce1ec1af8c316fae4642cff3de75154c5f48b1a9d62493eb23591ba2419b6149b5485385ca65214da2d2cb8bdfd9c7b6dbd73270ee24c9a08a3b3d8931314e4beb12ae9d3ecbc6f7dcc7447184cb4313ac5a5bcf9ba72f51316f3e377359ba4e9d67fb07b7707de418d9c010f5cd6df4dc3c4f019d35ab57333d39c18b3d0759bf7e0d73d44a7a4e5ea43de7b063e50a86448537bd128732237889d13b98c6e74fd25cd3c047effb0455428cfd3d677975fc023dfd57b864f4b3afa9858c6c715a1f235e55c3030b3bf858db46ead504017c08098dbb56dfc94b370ff0d55d4f70f6d22942732b513d414cd7452f59d86e1e49d648db3952a954f2c4c8950e511287799b1692bca5384bb695742421d9931d4aa6fd05fcae8c2bbab8ae0baa4648f3a198208912cdc97a36d4af22a5397ce1f5eff0d4e9d7c8fb1d2a6b2be89f19c4a779084edb3c96fe21e1ed5e3e11bb8b305ed679e6d110ad26e3ea3cbeef312e761fa1411fa4b3b98cc54d21147d9a258d02bb2e5ca27e71337b760fb074fe4aae76f5d0be6839f6a848adb791fc0d9570a01dd7584a665641f57a387e68069b56ded86352d2431c3a75938ad802145f19fbf67b99983029af36299c4db262cd3a4eed1fe0c2b931da57aea5ff5286dc6c91d52bd631393ccec0c000edabdac9a5d25c1cecc7171258db902497efc13391675d5b1d4ea8999d07cef2b250e08a39cbd0743f27af1da7d43c9f3d99130c4c0f20281657c7ae3134dd8b214b608afcda8e87f94cdbfd7871b83a79930bbdbdc8b24acb82f9acad696266d956a4acc965fd269222a0c812022e25d3c0d0738892842449ecbd7232f1d12d0f26f64d9f6bdf52f6d62fc37b4b714ee666f0f8bd5c9dee476d8ee3640b488a8a6d5a605a18ae4d76324dc855a95d5947540a7361f432fb7b8f3315cf4158a47ffa0a651e2f9fbce7fd3c905cc1c3cf7f91bfd9fb6dbabbbba9ad6924a27ab187063976f118b6d0c5839b3a90a7fcac680c307ef3129266638ee83495fb18991e636ccac05d24313216a5b1b18ac3c753148c3afa4f29e8c10e5e3896a7a2ea2e22e1322a2bfc5454d653283acc6b5c885d2c323d2e505669313b25525e1e633a7d99e9098189994b68e6dd6c6a53181dbc8ee0a6c864aff3fdef5d64614b9c8686f7605c1ea2b76f9cd59b1611ae9039d375947834c2c2f63ac646ae317dea128b3c1acd772de4b00147ba0638b8f31fd97b20c681d428798f4db547c357702848027a56a759aae6b6482bfe82c4d1891b7ce9cd1fb0f3fa7154c7e6a1f92bf9a3473ec6432bb771e3f200a767c6111d01d5024990f1a812a66d60b926a663b3f7cae9e4b6156b93324292b7a1f57c4b718ee45289d2c470e2e8f993380d1a18367ecd0392089a8758a41cdd9211f30e9ae6852234572668a82a67bc34c644760269a2c0425f335b224dac0c36d25ed7c2f7077ec40b17dfa0307208459159383ec58e252d44c6d3fcd2fa1a0eee3e41d02f332aced03a7721a48bc4a34926c68b94ab7514b316a65dcf896b135c188a926849a2241a58bf6029e150946c364bb2722e0e2ab3699d79f595cca60a9447a244c2794cdd8f1bcb120c7b090656505935ce0a7539251b14094a6611119389897e26a6fa281427d97df8185ebd928aea3a4e9c1e2395ee66f192366215151cbb7091d9d93435cb2b690957707362909ad9291ea82da32258c5f7ba47c829365406480fcf3265e5301b2aa1a41054eb68ae5d8c9187afbefc122fa52f632e8ba3676679f5d2413a7b37b2b6650bc9480de43cc88a0cae43295fc0b14d144d4655642cd7e1faf57e260b69f44ce6ad64f26f79cb705e73a7db2594c45fec792c114c54922e4ea2d832fac038d18624537e935155272ad84425916bbd3d14578e1117cbf9edf51f67f8f9bf61821c7654e3c6a809661d961ba3b9d88422e42884cba852c6b8536b657d639edbabe0d0541a257315c7ba41285a46be34454114e81e2d32a77a3eddc75c1c670e67bbcaa9ac5d4862ee1236ad5f88d71bc77540576d445cbc5e07cb74906c970a55839241dca78063022aaa6a125334b06f6d82f38911b04ab8d838b6885791115c85da392dd4c6e78369b1a1f561868a25aef69c6778e0228ebc90b317af71f1f215eae60a74ac6f2637aed373f102b26472dfe226d44025a7ce5f60953c436bc9cb17471dccd91ce1ba2a322818d747f8e807b713c4e595f38779463fc212c5c3e0b11ea62b44a4ba24f3aa9a91532e95735af19c7d025f7d9c99d22c4232883ba9a3881a56de021b88589c3d772ad1505d9b78ab9cfcfbbc653873c5625251ace4f0e870b2542c42d083180da3a0a04f6791435eeca28e2b898c0a3a83e9415ebc7292cdad1b58935cc8ef6fece45b879f62d6d5d9ba791bf3aaeac98ad3dc288d62d85ee245974f2f8eb3ac9427169219f101828b20b878b47232b33e2c23815ea823352b33356150dff01e2aaaaa4924e7110c54e1a261d93296630112215b00171c241c41c4925d74c1c5c6c5115c82a288cbff77a89cebfeff3f3ba28c898085802b80838321d9988e858d4d452c4cd9aad558cb5a28e6c7181d3fcfc8c82926a67b99399643b10c96b4ad275113a4e74a17675f7f9960792d776c598ee9fa702f4db2dfb5b960a730a603c47d75f8851019bbc8d8f8008e57a12b9586ca28c812b735aea23a184553340a721add075154b41107a17782dab9b5dc4c4da15b797c73e2988697cba3d7137ff6e0a7125ba72fb7af286b794bbbf6b70ce7586e12555219991cc3340d649f4c0989b9b16ab2fd23e09ae4040b211441d7c0526c1e3bb50bad2ccedd89153cbc641b77b6ad62ccc811f6d4e041e6eb3ddfe3cad031ee6aa9625ec6e6916a9b62f70062dcc68a8788443ca4330eb2389762ae91ecacca85730162d1edac5b7f3b6a6011a22822225032ed7fd9a363a228a0aa2266c9c0721c2cc7c6761d1c51409025244546164404cbbd350cf3aff95f3ecb0820dcfa0ea2800d689282246938ae0bb92c7eaf0f3c55840315545434132f5fc6c59e135cebbd8857b8caa933266fbe79129f37c7d62d7713af0871baeb0c67cef5706f5d1b5a598190ebe5d2a8896b4a1cbcd9cba2796d7ce4fe87d9f3e200fb0b17316585e5a1041f59700701c5c781c9b37c79e763049aea193b7c95471adbf9f4673ecee7bffd6546f569d49a0885e2047e5f25e727fa922747ba93455d7fcb9f3bdf329cd7c706512489bc554492248c7c810a35c1fd4bd671d53acf1b03172024a03b168aa260693287c77a19ffcedf71b56d070f766c23128d12f1044853e04bdf7e8cd733afe09b1de24f1e5c8670651aaf53e4a62da0e4c7680b95735daf60723cc4d4a4c0c84d9948782b1b36df4779651d2e22062ab6058e69232311d40220fe6b891d74af82808082808a80888be4b808b68360bab81ef1c7dd3282750b272e60dfda8e8c0bb8b7bee708128e7eab9516151951f691a85ecc9caac52c6f9b269b3dc76b7b7e008e4c438d8f0be77a4867dea4a9b18c8f3cbc018f1ac3db3fc3b2098dfde93cbbad9b7cf9c8f7f006fcfcd58a4ebeb6ee516e6c7190bc61da94389a0d87c7cef2a563cf30541840ee2ee7f38f7c9a5f5ff300b95c91f73ff461baf77c95ebfa0db04a38b6413e20f0a3b3fb1355fed85bdeb5bf6538c7539389d199c9441e034953412fb0adac954fae782f47e42a0ef45e064da150cca3ea16aae060d82e7d1e91bfbff8239eb97e9c558b969199b8c9e45037a9b13eee5c598988c0025f91512dcbb43141c5c2f9dc181c65765cc4349770f6bc84c00296afbe87c6e655a0f8c8e94504152294202e0000200049444154143787579641946ea1711c305d10c01125dc42165155705515030113878250a4582a60964a9c1b1af8b7fbfb5fbb7400af23a388127e4523a87989683ec29a0fbfeac1232bb83e050119c11528964cf2a93c966110f4fba9282b43d396f0c95f5dcdc9933bd9f7fa93ccad8db37ad5428c522fc78f9d633c5f22e00dd0326701752b434432165fb87093433d87f8be9ce0032d4d78153f22325acea4277b932f1c7d899d178e521788f027f77e9a8e39ad88a60ba108af9e3ec30c16e80e5e5343f60bb8112faf5e3c92f8eec39f4dd49d7eaafde32b1e79cb5acfb704e773c3473acbcbcb3b3ef34f9f4b6404036411548d845246154156cd5dc49c7005bd5e13ab94c3d17368b6835c5b43213dc36899cc686198ae233708cc8eb3b9394cdc9be243c908d7b520d7476729c91a62719a85f11027cf9671bcbb0153ac67fdbaadd435af04d743a1e0601b3a966051ca15a90aa960eb18f912ae0d82e641f0783044090397a84fa1e41a5c1ceba5ebe60dce8df6717d7284f1f42c05bd4856b6ffed1eff15e4bf476a9b45145122a07a887afcc47c41cafd21c25e3f5e55a37dde2a62a13075f16aca7c01023e2f4e09dc520eaba8130e9591cd6659bafc4e1a9a16b1efb56ff3fde75ea32ee9d250bf821dabe730ae8f932e4c614c8dd16248bccfe37066e8189fbb718d678f37d0d8d2c2a29a26862f5ce5d8cd6bbcd27d980d1d1d7cfede0fb1c2bf081b87b3e901fee0f12f72ce1a272794981fa9e7ca6b07f17684300497a16221f952dfc98edab239ec1d3bcdf6b768c1f2cffc50857385e1f6a0e6effce22bffdcf9fd737b93d99043c92e826db03d701b9f7fe057a8f179f9ecee6ff0f4d849726e01b9a41309f8981ecfa055fad1cd3c1425e607aaa89a19e2d18d09c24e2f2b5481b41564441f2439671537fa0e5011b893de9b3635750fb27ac53600bc5e3f20e2b80ed3b369044120168d91cb4de3da16a220a07a552c45619a0203b929463333f45dbec04876969ee9117aa647182da4b15c0b64195951905ce7dfeef37f875308ba388e836ddbe0b808dc3afb4811254451c4970f32271a6341752dcb128dac9edb426b591d51fe65f7a8e2a79033b091f0063c08e43871e645aef6ec231cb208fbce32991ea5241568a84dd2146924acd6f3e2f551fea9eb3427c66bc82b36a158083d9d43b044da5b57f1fb3b1ee5f6c84206cd2c07facef0cf479fe3c4640fba592011ae6155f97c628697a75347c8e70b48b2cafc8a79439f5a7ff7f083552b8fe667668f35255a7fe673ee3ff396b3e7c6a58e4445b2e395375e4b9a952e9e4880d244164a2647b3373879e5124dabd6d3ded4c6d33d074129600544489611cf39d8ae4ba95422e18b535fb258a02abcaf752e5d875e6374de5292924ceacc1035b52b39958f3398a962c9bc656c587e2f86a290d7f3147329145542933d94c5a2d8a640216b22f9ca50fe657541c62a70f24a17077a4e7266b8879bb9692ebbb3b7561f4802782408f989ca1e22928780a830c71f02fef730014e8e9cc1761c4cc1c1945d6c49c051c1d6440409726e96196c7aaf8ef0e6c9c3acae6aa673dd1d6c696da75c0b939e1cc4eb2fc715fd4ca56cbc8100cb973f485dc3028e1cda455639cee2c43c229108538acb4bfb0f506d9da03c12e3638b43847c0b3893ea63c09d21322f8e349ce3d76e7f808d9145a487d37ce1d0f778eec25ea6e2798c9041d050589ea8e74feefd5d7cf8d8ffd4a7992c8e50f2c85c1abd92fcbb67a692ad7705124bcb1b920787cfb321d1f63305fa33c3f99de143ed6333631d95b2d6f1273ff8bbc4d4fc204eff243ffac85f13747c74a52739d7db8593b781084bab96b2bca29183f9f3b8184c9d3b8f1429c72ea4f03b32c11bb33cbc3642737082de2bbba858b0956b575ea471d57626c555ec3919223fb383ad3b3aa9a99b4b56caa312226c0b88250d640d5d5499c5c6a3405052288830459e03378ef383133fe240df19666403c7af424840f2c771a6f37867741aa430cbaa9b585ad7425d5592903fc8fafab61f5b0707bb0e723935caeede33ec1bbe88ed29e19f1342717452c3c348d14a643143d65b22eb7178c93dcb9e3d17683fbb80bb976fe48e96bba95683f800353f45c0d0105d91399105dc7d5723178ecc67e7ae6748d66698b7609af5ed3e429128a2b888667d2e659e2b7c6de71972fe32a6ed2a56d7b4b3d5b310c8f35fd32fb0b3efcb94e6c531f20eb17c05bfd97a171fdd7437320abb870fe2d18aa453fda86e39c14084fe5c810fbffab5e4af74dccd07d7ddc3b33d07e95cb0e16706f467b22a69f74457e7b2b2861d3b27cfed78fcfcde96e3a91b49c335f9f8e6bb7960fe2a9afc715a8371d6cc5fc6a29a2451c58f2acb8c6726b972b38f5c3a0d8120ae334995b28c7869803b9aeb58dfecc7230d3279d34375d265a85f27126aa3fbb2ce9cea0eb66ffb20b5f58b98992da2a93e302d1c55c1f1a938008689eaba3892404e7079f9c651bebdef87fcf3de6738337e0d27e4c1170921a120945cac1bb32c8ed5d2b97a1b1fda763ff7afbd9d8ef9cb985fd94832568d040882f07fbcca6be6d0d6b098b6d61662b287ecec2cd333d3e4ec227825dcbc85a62820b838ae83202b60bb8c4f4c70f1ea1546466ee2097bf0aa2a01d987d713401044f2c50c9ae6a1aabc9ad6c54be9bd761d5513c965339c3f77959e8b035cb9d24f2003f5758b98c1cfb5299b989660e3bcf548250f974e5ce7d5e953980599723dc67fbde7537cb2fd212cd3e2f9b3fbf89fcf7e8b945fc7553474d3c6c0c5d164b27a9ea1d1e1f0d9eb17420f2fbb3dbcee573b79eeefbff13339c0e1a78ef3891b7b3a1b6b1a3a9f3ab273c713fb7fd0da9f1e0e0b418d68c961ede2258c3b79facd5926ed2ca3e99b4ca76729e83a95917296372ea5325a8669b8646772e4edabd4e45bf8e00a2fef6989931d3fc6bc05518eed9f65c3964af6bd26a1c8cd545574d0d1fe5e4265f3c01550151f8224e371656c55a220881876890032aee0706cf0324f9ed9cbd74eff807d7d6798746770abc2c83e2f85a92ce26489b8e5e5f7b77e88fb976de1ee251b59166da2420e12c48386786b0cd375117ecc9f2e385885028dbe7236cd5dcacaf9adcc6633dc484d62796428990443011459c6304ba8b28cd7efc3105d66f434d7c6afd0373a8847f2b3b8a10d376fdefac114174172b05d0f1e3542285843d7c96ecaa335d4d7cd65f9f225b4af6e25a18eb3a4ad966c6192be915e6e8c0f102a0bb3be69295beae6d32be6591598cf1fdff6280fcedf848dc3774fece50bfb9ea54fcd93ebee2618ad4042c028e610cb42105498366619cc8d86474b46e83d4bd68637fef2dd3cffa5277fea407faa381fef79aeb32a5cdef9f5fdcfb43f7dfc95a49c4a812a137165bc93598e9f3fcb33570ff2cce11778f2d85e7e787c3ffbfacfb2f7fc6146a626a92d9fc3baba15b434d4931e19e1c6740feb6371ee6d905859ed72e2c4015a97b730d09fa2ba2cce9123119ae66d64eddafb5003494c1d6653798261155104d11128e83a0e163e55232b1bbcd17b866f1c7999ef9f788d9be635ec00501ec61504ac599d2411ee6fddc8c76f7b880fafbc9fe6b21a42968aa43b08868b63bad8b68b6383f01fd45eb1542224f9f0180292e9120b45696c6c4253bd8c0c8c92498d632812b6e46295746c5d47b05d649f8618f1a37bd20c8d0c53ca5924caea086b211451c2154c6cb1846dcb689e30d1589280b78a93c7cfa02870eefc3e0687bb103d238c8ff5920806686b6ae2cad820bd9919ea6ae7d212a9a3636e2b0f2ddc484330ce70619a2f1cfc017fb1e79ba422365a4865813087dbda3a58bf7815fd0303146d1d5b364136b055878b7d43e174663674effc95e18d1fbf87e7bff4dd9f2ad09f1aceaff7bcd8d95c59d7f9cf6ffeb0fda573fb93b39a8115f551c867682c4f70fba2d5a48a796682328ee812973ca4ab23ccaa456e6687199a9a643655205c55861272e9ee3f85339ee2b7de1b67e6c4311ae3a01b191c25094a9e6b17225426dec3baf53bf0842a48cdcce20f070013c7355065815cde40d44bf865998c52e2851bc7f9db43cfb26fe00c6e48c42e774153206bc2748925e1063eb2ee3e3eb9f141d656b6a0a18001982e8aa2a27a54244542504474cb4693454441f83f5e9a20e051549045a6b3395c49a2428b312f56459314e5b5d1cb5892003e0f816000d57671f2456cdbc295059c8081271c637a7496a9d169562f5b45c0e721979a2514f0830c866121a2120d57d138af992b57ceb26acd3ce636c4882c5a44664ca752a8a05ca9e47a7f9aeeb1223767457c954d94bb19a633e3f45bb37c6ecf37f9fa991fe1c4449292ca7bebdbf88db51f60f382e56ca9efe054f70946264731ec02b816a255c27515ae8fde08e71c3db47dfeeaf0aa47b6b3f3f1a77f6a407f2a38bf3bb0a7b3a1baaef3cbbbbfd3fe4af79164c12f2286bca8b17222258ddfbafdfddcdf7e17fde9697a870751748b70aa04b1324ae95104d9c0f6a95c1c1fe3f0f5b39c1f38c2b5e1a36cd6223cb4c3207b3345c99c24916c637020c2e8ec308a70373beefd30de6004c3b0b05d0b8f474651452449c0712c6c4d2310f0305b4af3dde3bbf8d289e7389fb98e1b70513c207a2484bc852f2bb122dacca3edf7f0fed577512b4730a632485e2f822822ab32c822ae00b600a6756b7edd23893fb65bb70a398a46899228a205fcc8b28c04c46c9965550d74e74649e50ba48c3cb2cf8b5f9010740b07175b12719c129a270c82c0f4e424f1f228d565e5cc0997e3e44d32d90ca160884c76167f2888c713c4300df6ed7b95a1e121fa8d11ace92c85c909d2b929aa2bca89f803eced3ac16be3dd9cbe7e863707cef38dfd2fd035d94fa022c61df357f217b77d80476b56b3a8ba9580a421292abbceec67dc4c23f854bc9284d772700401c323706d6a243c3a311edadeb03cbcfcd1bbd8f34fcffe5480fec4389fb8bcabbda5ae79c7e36f3cbde3a573079219d9440af9b12d0767c6e4bd95cbf9ccba0729392ecf1f3b40281c62fd8225d404a29c1fba899d9e20e8b711fd0a691ca6731394b9d3dcb9b09ccd9e1c82d847636b2b67af74511e59cc785f0db2b79195eb1f25169b4b3a97479115fcfe00854211110949d228156d644d61c449f3ccc537f9fab117b93c7915a94c43f30ae8e90904d1833b6d305f9dc3036d5b794feb466abce5489680ac6a38f2ad051b96e3a0974a14751dd736f12a321e59fab12f43b72e138fcf8b2ca9cca632140b45021e2faaa2902be489295e064747b936368059cc902feab78ee956640c192437482993430daa388acdc8483ff3aa6b5910adc74e9944cb2a314d1d9fdf43ffd030c1409c9aea79388e0cb69715ad3156b62ec1171530ca1c16242b5816aa603037c501b3972159e3e2956e829e204b63f57cacfd1e3eb3f683d47aaa290bd6203832ba68b3f3d251765f3bcda8c742d7c02c16d02c89826be00df828ea45ae0edf0c4feb7a68eba2b5e1b51fba8f571effde4f0cf427c6597defb2ce2b57afed78e6d82bad6e7500821ecca9693cfe306a30ceef6d792f2b02f53cbde7559e7ce5257ee3fd1fe6532bee675e659c6f5f3d435944221a709929e6b00515bf6dd2941ee7bd95615657e7b83634417c6135e7af5e27a236303358cbddf7fd173ce551f205014df5a21b255455c3a37810459589b159bc4a10432ef0ad233bf9ea9957e8973204a37e643d8f514c230555643780967759936ce397373dc4c2581da9f119663269fcd12002b7662944514051647c9a8a2a8a08b603960df27f507d92818080e88804340f418f07c371c98a0e8ec7435ba4869bb3135c2e4c90154dc045d154c48017531128b3a318b6896ea6290906f9748a96aab9b456cc232a464014901509d3c9138d5492cb0978359944ed62fa7b4739fffc4be406b29ce8ebe3627686f1b3c304af0b14b5387bad22960e8b172ee5f7eef800bfbffe7d6c8ab5529c29717a6c8a63d9340db286ee97f8879d4f713c3d40c167e38a066e4ec7e7f3e329f3929b49e3f706b0bd5eaef5f78627b385d007166dced4ded391d9ffade77ea2bd473f7ee5c27f900f3df5679de95ca6e3ab3d2f26ac729b426e12071b6f3c89de3bcb4346055bea5a18d00cbe31b09f2d1b3b787f451b1ed3e2e99e1e44bb9f0d65b7b3f7832ff0a72d9f239017b9a76c92bf5ab594f4e47102cde5f40f4fe13762f84a6b39de95a065e32328c138922e13951534d325aa86102c8942090c01e2d521044f81c7075ee30b6f3ec9d56c0f45658a596314c1236117459891d1b32a8b42f3f98d75f7b12c5643cec9a155c6a84e5421cde8b7c6dfffdd750b9c0caa029afa9fa8dc20e0e1d6dbd9addaf6ca023124ca10c9280af72fdbca066d2e4ce5a02a8aa3b814c6faa134c5947e15cb5302214c3c5bc5fb13f7714fcd26626a9409258f2bbbb888a86204c97589844d5cc9c4151db6dffbcb243beec7691478f0bd353cbaa69c071e6960e16fcaacdf3ccd7f930a901da2b2a07057f24e827a907d5387f9f5137fc6975efb9fac5343043d025dd3d778e9fa11fc8ec31fb56ce7af97751227c08cdfa534eee0c82ac5a08057d1f15528ecebdf9ffcd3dd5fed9025a1e327b1053fc120fc5feefb5a7b5db0a2fd4f777eadbde0b1927e41c02c99502a21090a4bda16f35f3ef059fcba4cf7b58b8c1ee9e677fff22f0804fd5c4c0fb1ebdc1b38e9008f3cd446999a60cabf1b9509168873995b5f62d08a313c3cc1c68dabd9f7fa5970e7b161dd5dd4d63702a07964eca28dabc838f2ad491cc5705010c9e370e85a17df7cf56926f2b3885e095552d0759db49e41f3fa90250f5133c03debb7f2ff52f7e6d171ddd97de7e7f7f6572b0a28ec05800009ee24b8efa4244a6ca9b5ba37cb6dbbdd6edbdd99f1c493d873ce24f624998c338e9d6472ecb8a71ddbf16ef56ab95b524b6a6da424eee2be6f004880d8b742edf5f6377f1425b59d84a0a874fbcc3da70e79788887dffbfdbe757f77f9de7b7bdbbb093d97d0f3080d1f818c903ed6f7f69e24022c4eb7f2d4f6bdbc55be41cef330844a3c5e4f090f5b57902403d591d8d8b59c9fdcfb04bdaddd94cb251463e1a35bd5fbabbcf8529e91feeb4894518d22239337695bb40d772ec296e622672e1fe3df1f798e8813f0a7dfffcf54a20ecffdef7f4ca794e67a7992175e788d2797eee4271f7b8c3d2d4bf1b03876fd32af4f5f230c3d300c7ccfc3097c1449054da5582e653ebb736fe6e9cae8b6be48e6bef3f0f70dce7cb9dc713c7ba563283fd5a1b6a6d13419230c40d1901d9fa58bba11ae896a29ec59b695bff9cdafd1d2da48a198e7c8c5530c4fdee627d63dc5beae4dcc381eefde38c496e638bdc2c671f2acee5bcc85e3a778e8e14ff3edefbccc9e3d3fc3a2ce8d10e878ae8ba2f904a144a8093c400e411512841ed7cb63fcf5b9fd5c9e1f434999f86e09a7542bfd70c3003f90b10b153ebd6a1d9fdaf430cd24084b16c9884935f091840cd28f7e32b5620720cbec58be96e5275a393673956a58c53074ea649db216c5cb3b2c8db6f2e4ea1d6c695b891ecab821e8b2f177f9a3ff0d695d9e67cd6c374383e779f0910e346d8eaa93a43e1de3292542ddb116becd187f72ee6f29bb02bd23c5ee9e152c8b6750266d442acee6ae353cb8731bad669cd1b99bbc75ed38e3d92c81e312ba1eba99c4760b78818f5034244d25572c7494ca950e45513e1607f4bec179ab3489e7d72656b8be43c99208bc00cf2b43de62b0ff2a5f977ec02f6ede4b832dd8b1642de093cf4ef3de1befd12eb5f095dd4fa0d3cc73877f97ecd0009f591265e3329b93fd13ecd9ad21a426ce9d9f23115bcfea554f20cb8d386e4824aee07a36c82ab5d152823000214b54bc0aaf5d38cc5b63e789f4b6217b16c5c90241b1841a69423264aa7997443ccd17773c41860461d5410e258450890809ab5c4117f2c7b379ee4564097c8fa866b23cddc1e19173f85141cef3c844eb29153d525593a7363cc0537d7b502a0eae1d10ab8b63d5be92777dbc4f0fdb37ff1a233714f6ffe025a2912c89583d23630788d757309d6e94b919fc5427a809e222c153ab1fa09d38a2cec02f8ef1a907f640e8f0c6b9fd7ce7fc7e9ebf72103a93281d09bc2b536848d84020c0270449c20f0364213eb64373dfe02c39257c0994c6149e70f13cafc60c1701680ab76e0ff0dbd35fe39db32ff24b3b9f66eb8a8da4f53aeaebdbf9dafff155facb73aca86fe25c6e9ee70e7f9b277a5a58591ea275591ba7e77c26ce5e6751cf93bcfbce4db66ef939d28dab20544080efbbb5a6acaa4ce0fb68b242d5ae1089685c9a1de2bba7f633151440c451dc0ad17882722987e3fa782e443c83cf3efc24db9b56502de4d04219453321ac1d771886843f0e32a10ca1a22023b36ec90aa297dfa6d2a4e14c4f532ddb187332bb7afbf8f486bdb48a3a846fe3d512b15885227abceeae8fb7fc1c11b58e071efe0c5fffc68b6cdbdec98ade76b6edeca462ddc0ca2d21bab89bdf3f3bc4956cc0dad6257c6af12e3460ba3a4939edf2c6c0615e39f03a6fdc3881b4a219775104216cdc9bd3d4ab75d8b60b526d30581004043e2462f191642c3e62bbf6c8c7d99efb3e0259f6f17c9f88a6525004460836169806c9740c79be8a5b57e144ee1ac32fdda4e1c53abefcd95f64c7928da4fd041b136dd8c09f9dff23e60a2e8fb76bacacc2f14bb759b5ad99f2cbd3cccb115465311b363c81e328a81ab8becbf4e404994c060b81627b68814fd577b8e997796df802672706a049834a11af50246144b0740d4f1204b64f4368f248d77a22a142b1eaa3a5ebf18300ab5c211a8ba1eb3ae18f614253d50f91148182c4aae645a4b524a31af8b6875fb179b8e7017e76d753ac8c75220712444c34191cc7211e892ef87ccbc9625b32e9c6167a7a1ee4d2a5ef22314f3c5161b0ff2a692dcfae8d7b79fbcc2039c725290c8a7615748f6bd218ffe1e56f71ecd831d2ad8d58ad5114c7a15749d36ba4d8ddb79a17af9ce65cee36520c1421110410783eadad4da3bffbc6b746ffdf477fe563f13eef1b9c8dc924954a85f2ad594899782ef88532980a45b74244f188e926965e26ab868ce7a6f9e56ffc5b9ed8f2303fbbee611eef5acfdbb3d3bc78fe75d6773510cf8ed2de57cfe1cba7e8ec59869159ccbbefcdb063fb67d023cde40b36a12a2856b2b5050412b6e4914440d94532248e4df5f3d2e00982b8845a9b248924642ac502be266a338344c8d25486956a136ec5261a4be0ca12810ca12bf03d0f59957009eefafeff23c4b62c8c9889ec047419f5b4e94986e7c610917a7635f5f28b0f7c864d99e5685541a55c464b476b5768e813975416b28a136640a895917d83679efc32df7cfe3c46629cfa26a8afdbcaecad2c374f1da35951502312fb6f5ea4eeb5e789683e7f73f4bba8a934a5a9697a172de5e1e53b599bee62535b2f2d7a824cb29509e171e6cd7e842ed726e5c9325ee8d19e6e1acdbbd58fddc2e6bec1d99e6c21da61f0f2b553a09ba8a18fa3e918b11856651e575610237984222137c571c33968d67975e23db2e3fd9c565a381d51c85b51362caf624d14c8a1b17d471b57df99a477d50a2a6595b56b77532a58c89a8224d9a41211a44413e50238091f241d1c1b35a971797a84d31303445aea1173595c2b20a19b14ca65d01482c043095556b5f7b022d18e9f7530eb23645d0b53353022519c6a1543d5f101f5e3eeee0292304c3cd7477542324692ae449a63e33759b6a8879f7cf049b6b5f6214a15f025227551f22114dd2a7101382ee877b7eaaa459d782c8ef055905be8687e98f3e7fe1d99b690c6f84a1433c7f2a66e22bbd6f0fc0b472824a27cfdfc419c8901b67e76275bc532d67ff17f6365430f4b6820650b84ab8021e384b0bc67492ddeebd5caa27455c10b7d92b138965bfdd8fb73dfe05c926cc70e652a5e801c8f220a33d425e3d83305189fc35eb908b32c307a4ceaab45828919ecaec5745a69bef62bbfc5ede971feeacf7e8b4de13c3b9a25ea1b0bdcbce6b2fd91d55416dfe4e4c1288f7df27fa658f1696aae2dd37164841601044602a2810e3294d28253d66dbef9ee0b287a80909c9aa366fb54959078633d76b90079073327d8b7e5616414b4fada731b55e3c30d314d008c1fbd3b444e0105414231c9e5a7d8d0bd92178fbec3afee7b8c67953ec2729142442227c928ae45b22091544c2cd962d0f0e80e7e88752f24082584f8d01ed16903245ccdc509a06ff7b3645f9fa1b5e536b9dc9ba8a28181a16bf41f3ac143c5184905ae4951fed5177e9d7fb1e63114a70eeac1afba54b313dc8cfbbc9b1f23ee4778a26135fb9a1e225dfc2ab9a8855417527026c10d70dc129abc701c7821b96f7076265b506d1f0393205f25cc5769eeeaa0beb58e215b279b83aa698010945410dd190227646fdf76bad50606f3d708b2333cf3b93dcc8c3ec7cecd6d943595c3878fd3d9bb85dc7c405b5b1b75751f1afd6118e2ba2e611862bb2e492d8a177a084de3f495f3942a45842108021fcbaa12aa1a9e044ee0234b2ac295e86c6c23654491ef1443fe438ae9fba8b20c41408396e0998d0f91686ae281256bc04be11b321a2156b98ca19a1057f02c073ff468c558f0f98a222344cd4e179286a1eab4b67430347482b6b634a9b84b6b4f2bbbf6eee0e284ceb9bf398e57f1092481144f60578bbc39749e034327b978e33c83d971a61c971d4d2b59ff73ff0c2da863c7fa2dbc367e848000840a2ae8aa511b74fb31e563d99c49d5c0d455e6e7b398283cb47e074f6ddc4b71709c5b33b31c1a1b61203fc464659442e813f7123cbbf6412208de3c7590762924664fb3b42dc1fcf428cb97eee4dadb3739756a9c0d1b7e8196961684525b62100648924428446d3ca0ebe2cb2196e45320e0ddd3c7992f17104993400e096d1b741d4f822008501415d5d558bf7825cdb13af0f8d1dfdb0b88e97860ca2024701596c6db685ede82c0c79d2f32e338b4c51b710b0e2219c1d66036a8d2601a187e2d7c7337a929af00cf7331740359d5e9ec5ac6b97345329d69e66e082e8fdcc0889769e8ddc492ba7606ab454e5e39ce8d551b591237796de00dfea0ff00c40528011461383bc8a83dc196681beb57ace6a5c1775053268aa9e1593eb81f3f8c041fc75bd7642aa64c35a581ab102013514d16d148cfe26ec46295af947c2e0e9ee3c2dc00af5f394357a285adb14e0672e3bc327696bde9284afe3a3bb62de5cc3baf72c93dc7fa4d0ff0cd6f0eb3e1f14d356086219e5763eaa88a0e42465554842c2385129e2a71313bc095c9417c61832ba1a85a2d6528832f093ccfc79422a4e4085b17afa65949422500f5477f75df557c0f2b102892861248049345e4a442a8c0e4d414fd174ed2b4f75112e9463563866600002000494441548aae8fe708627a144396c0756b71d2bbc99d327959028910428586fa0cf1e422f2c502cb7afbd9f8682f9e2b73eeea15da231609c5637476826cc44045a25e9890b54149c05c95de20c5a6542fbdf5cb8190aa55c6b12ce4c044d7a2a0b8849e4fb010d9f51ee4bec1e9544b787e054d95b112492c2bcf0fde3bc4f89521362516b174d51ad6aa1d3cb07a23dbe5f5ec5dbd93663b4a448bf0f2f9238c9647d8bb7d0399d475062e9c65ddda9d1c38768aaa5a21995c85693403e0ba2e8ee3a2682a42880f3c544dd510015822e4e0e513e4140754051c0b0c05225120acb58b110aa12f6834ea59d5de83462df85d1b09fc0f27810ab9c0262a69c43419cf01cfb5a98bc4e81fe867ea1bdf632c1aa7eb9927091405a5e8123735703c1c4d4259e8e6140001a65a6b71e838019288b37af5835ced7f157fa49b036fdfc4541d9a9b323cd6b799f772a7b93435c43b378fb2b3e7093eb3ec93cc8e3ad477b6d1d3d7c8f6b69544cd042a718e8e9ce0f0c513285113a7ea4028d532579a8aefba1f7b7fee3f7d99cd12f524f4b90a2225087c8ffefc28574707794d8ed1903b434725c227b66ca5abbd93e5d1764c3dc68cecb27ff03475a646bd566171c660f0f40c51a98b556b7773e0d838dd5d4fd0dc96015c84a8057815e5c3a5fa814f00c8a1cc4cb5c07b039771a202216b84d5229ee7a1ea26a157c593005925b4a025d54826d98202f8c2ff079f4a2b740d113878a18723045a3a4e5c76613ecbc04bdf2779fe3cb75f7f85e49ac568ddcb3154157cb01c8740d3163cbc10f0021745aae1d4f30224a1b378c916ce5e3942c7a671d281474b5427373cccd86809cd2f2345d2fcc177bf4bdfbe661edbb093affedc2a0249a69a2f92d422d8a6cab1dc6dfee8c07738317689485b9c423e0ba5124a632779af94496ae6c7ee1072dfe09ccc66314289825521b464e4d0239a8862e912b9aa452e77835b8ec4c983d7087c8547ebfbd8d7b096a1a680ebf9517ea27131b9b941083d366ed8c15b3fb8c5ba07b690aa8fb16ae5f60ff8524150b33565a90625c775f07d1f495140c80c4d8e31529ca11856103ae0ab78b68d1a51d1fc005f92081515cf72698ca688a313121228d23f383801129246580d91bd002f02b69f67ecd517e0c8097a2597a11327187ae91596fd540a9a3b709c10540dd90d16bcd60301aee3a2ea101220020d595590d434896437c74ff6a3464d44bbc69a257d44ec04efb8c35cbb5d667c7e8c3f987887caa0cfb6a61e22f134b9a4cdc1a133bc73ed34df3e7f888a285189ba28928d228187401070f1e6d5cc7ff8a97f92d97aebed6d3fd5fdd08f3fb77e313b06a6819d94a13e42502ae3e572a85e801e48e4aa2e2daac9f8cc6d686e65cacd334a89e74e1f61627a980629cddaddcb78efc4b7d8bbfe411efbe4e779e7fc21ca9526142d0a928fef38388e832c7fb8ccf76bc3154521b0607c7a0a5b04e054201e41d775ecf922ae16a007b5465b922ce3bb1671338a828cebb9480bd96b3f06093c1f13b5e69c6912e5b04a6e7e8aeb870eb156d2e96888303933c9ccc1e3f4ec7a84a02543410f6844c19b98ab758f5be877040101351e8b2cd7187fc56a482ad54eaa3546aad1e0f2bb6f3079ee245e7a398a9241680a22a2f283ec314efee90f58a7a6d17a5a9850ab0c0c5ea7acbac88b9b1059017a026f6a92b89e4435751cdfe5dc8d4b1d9786fbb7ab92fcb15a76dff7098ddb76e6e4cdeb99b69c4ee3b48a274729a2614512d8aa46d296990f5c6889c2c8345f5ebe8f5fdef5f3fcfe93bfc1f2b928537696a181933cfb999fe7ccb5b35c18788b088b09ca4bd01206056506595589c56298a659b31ec3104dd3308c5a1845323c6e946e313c770b331ac7b4825a66c7a8f13c4b6694b423111467a02ec4b40529d740110a8aea2ff0861f5fc230bcebc7f62b848ac035642a9e205a51c9bdf21ed289cbc4cb730c966dda6495fad3ef71fdf7fe2d51378b82cb586e0e23bd303043cf2366d621510742418f7ab84189c0132cefdecbd1d71526ce8eb263c363ac7cf44b2c5995668f9c65d59c85aa7b34e44afca79ffee73cb5fd8b149a7bb9265c129a465b59c7edb771aa2e4a31209e6aa5ac09b2aa45c9cbd1b8bc813f3ff342e689ce4d99e393e7b7ddeffedd97e6fcd6e937b77537b466b67fe32b1911578837c5d1fd24f6cc048e2623452384b282e25a98cd29aa6383280919232153b6b3d4b72b7cfa8907299eff73ce9c798f479f7c9ad7bf7792642249ab9c2166a4c879d6823cfd10703c1784201035da1c004220fde8b38f1f5b4c3d8e08048a02ae02f6ec3cb70e1f42af16f093218a62e0cdbb488160b47f8491774fa06cde4e735d43adf06e8114ab1082300c3f08cc87d4feae280a6118d2dede85a64e71e9d225b2e50bac5add446ff762da271cfcb979d4d6143ddd4bf9e9252bf992ee33581ea4549ae44a31cb5bf94986fb2f3174738062759efad61479c9c50d2b8c67e7282b56c7a9e9c1edc8e2beb5e77d69cef9a0bcfdc0add3db83b8dfe14b16b9d161ea03093d8c10b335949c87757b1ea920a8de1847974c56ade8a54c91a317f793b36f3270f3084f3db90fcfaff2f28bcfb3a86731a7ce5c6451d732043af80b7bd26ee853ae56fe6bdb4bfc0347d7ef514a964d79328b5575296131d97f99e0dc255aed0a15b948445168aa8bd3148da3952c0e7fe7fbc49d3be1d97b3098df07a7effbf8be5f638e0981a66944a351c250c5aa48ac59d7c7aedd9b093c97a9f1614cc5262c57991c19e5c0d435aefa33c491e9131956298bf989d69d7c75ddcff32f1efc25fef817ff0dfffa73ff946d9935b863f3a0e828c91879a7ccb72e1fce2c59d4937975eef47d69cf8fac399feb7f735b6ff3a2ccbffcdb3fcc60816a0b3ae47afed9be2fd1aca7f0ac905bb747199998245bca717ae61a1d0d261d723d33d579ae5ebb402aa12257e6b876758e152b96502e96b8757b0cc3e8c0f7356c3b004f5e30d253b2abe4cb2550e40f424c359b54dc53f22758803a212df094bfdf1be9a38a2fcbc4e3498a56050cb872f05d6283e334892a73bac5c48d5996363721b901cde93686fa6f10232057982754206924effa7c21c4078dc4c2d00751732e354d4312128b7b56337bfb1c972e5da2adbb998d7d6be9bf398f7c334b4bb48ef1d230bff7f65ff13de735fef1c64ff3135b3ec1b8a6333531cdaa3a85a79ad761052e8bcd7a9a1ad25cbe35c0985fc00b3ccc648c17ae1fe9786478d3765352ef4b7b7e6470e6abe5ed6f5c3cb4fd7cee5607a14e4334c9f264171bdbd6d0253510238a9b0971831055d6180aa699bd3940bca8920b7d727345d67677f0c92d8b19efff3e972e5d62e9f2159c395942d3e344a20974cd4492036a9ec27f5f4ad50af952b1064ea946380ec310ee688c8564a19bff47ed320592005d212a69689240b17d6292414c5329c93aa9e638b2a1902dcd31911d27b5a8039c1c1501914462c11778bf0a146a8e91906ad7ba246a6f96ae6f676e2845537333d3b3b778fec229da5b97f2e0962d1c3f58246c6c615e9ae5eacc3893d9b5f83ccca9d961bef5ee4b2c4e26f9edd55f24de52476f324331e6516f988ce76609b09123514a618e97cebe9bf9f78ffed2f61f0c1f1dfd64d78e8fd457e92381f3e5e1a39f6b4f376fffd56ffe3f9969b7001195bc08e9af66f993032fd02c12f42d5e4b477b1751354e171a8d528ace25eb31d0191d9a606c6e9e55cd82fccd49d6ade96374f216a74e9e2599dcc1cc8c4467674f6d61f2c2baaf645529bcaf39c50f9d9410f75465b1208017300f16fa79b1c0cfabb2a03c3b85aa1b6844d8f8c8238c9c1f62b0ff2ad7a6fb59d2d444b152a0da94624a8ff1e0a79f86489474ca5ce06bfb77d7204912208308fece9aa29134f9bc4cbe5860655f17ed3bf672f5dc35deb9708cd26413d3cd79fc3a0d1a2486dc697c5c76362e61f99e4fb339d342218c93531caeccf5f3ca957719981842240551cdc4299520ddc0915be73bfef8d08bfc2f0f3d3bf2e6e4e9918fd2dbf39ec1797cf2cab6b819d9f6f553af6fbb3a3fd211ca2e89c624d55c9149dfe11be75fc19a2f133b96c0b13d4aa5329f5db91737eeb3a97b290f2cdac45b431729477d7c49909f9ce1bc35c2de27f7827283a347fa59dabb132489523e8f662a68dadd93df55c7a654ad40422224a8e59a831a8ff35ee4c74128be9b440810f1089ee30182d8863eb45ff80c43fbdfa674a3816385324aa695de2deb58ddbd949ecffd2ce81154a0529ec73017fe1d420864594688f0832f5b10d640da986ea3a1ae83546a94cb578f733d3fc0c6956bf9fcaadd1cf8a351861599eafc3c4634c59ce3303a39cbfac64e96b4ae86e95b1c6e2df1d2cb7fcb1b47df2017b1a934c9f886048e831651d11599acb078eeec818e153d2b3b841f7ca49aa27b06e7a5dc70c72237ddb1ffecb18e5c58f3a4c3b111dcec2c5a6b2b961ee0377864e55cadff79b3c677270e139605df3ffb2a8f2fd94d3912476a8a2045aa6cdbb481d1398f6ffde53778f4e9cf32da95e0ea956bec7d3044d354345d612136adeb7b1f78ebff7f14a79cc78c24095d8faae333e45ba49e7c82753b37f049294698b7211222d2313c4c8a814a29078d51a893533526d03dc8fb00ad75160f0882a016ce0a6466678ab4747b2c5bde833f11e5eae5cb4c8e56489acbf0b2055acc46fef1f6cff24cc75e96ab9d643d38cc347f7cf3fb1c7dfe308e55c64db938aa0b7115421b42b08200a558424b26991e98e29dcb67321de9c68f9435ba67705e9f1eca7cab7428f35ef92aa65c33aa8b4a1da9d60ce5f9699420400d15dcb2200c23984a8abe6d4bd952ece0e9c71ee4a1c52bf9d353fb397eeb16b635c8d1ba836cdddd48a2690f174e1e42f297d09ed945a0a698c95ea3dd6823143f548a7007a8e24e37611930a20aa57888844fdc76c9cb2e4256a0ec505635629e464911e006e042251a20ab3e7245a218318917a1e0e4a121498847d49308f2365ac224e783a640deb688460d943bee930384414058b690f518810ca5a082a40a42bc5a09952fd0848af0059ee7d50abe64154dd791a49aa9188660a383ebe12a3e9aa8d21c8604857912a90cd3950a7e7312dfb7912a3e7511192f281349c814bc10c7f1992b0e91aa6f241006f33345145fa6abbe99882cd5161af9a1ed0b6bbdee6b7668ed66913c85686b133129cdb5f72e51dfbb86bedd7b289d9c403839125d6df857a779a07b1f8dd1264ecf5de1addb27f9e6b91f7079e63a115da3a2eba472265bb54e4ee7c6a9041552661b7ecec56aac22b2b3d012e55ce156e6cb1b1ec96c3effe6b6cff4edbb27ed794fe0fcd6e957b735a592996fbcfc56065d230c03dcc047297acc97e7c030c193507c83f5a90e1ecaac6643eb62fa366e63118de4812b4c72521a23505ddad418dda9065e79e52d1edbfd09d6ac59c3db07e748a593140a366dcd6d0bf3c1f8af83dc7067f325095f966b1eea9d712b0841d5b3b04307fd0e1732d07c2ecd8d73f0f2ebb872480c05d509d1b528722ccab38bb7a26a32d56a85986122448802387e802fe07afe3683e3c34cbbf3649d0233852cb2ac303f9da5a9be05b351c72a57a8562ae0832a2bc842c2776a64163f1ec1b22b14f259344dc1757d2a559b482c856db928be05b220081c84546367c5cc18812b28e60ad4b7a5991a9ea03c5ba1b771118f6e7b80645f143d1ac70faa683f8cceff8608212816f35896c5eeddbbd97fee1ab3576fb075f7b3b817062839732851870393a739500af9c62bdf65c49f45342ac88928b605aa51cf6f7ce92b6c8db5f05f2e7c9fbf3ef9032ac522761082e71253551030387cb3e3e6f0ad0e45bbf772e17b0267d52e775c1bce768ccfcc74885683a05c2644d0a84599b8354aef9a1d2cea5cccde159b7960d10a968a28c1fc1c5a36c43454ce542ff3cdc1d7796bf8327258a1399620d1ddcc9af8524e9c3845df9ae544a326f1789c6854c7728b8495103371f7cdfde08abaf327509b2b24cb848a421884e0dfc904c9351e40ce2ad3ac4490809bc559ce4f0ff11f5ffa0b66b52af144043394082d8786549a95468a4dcbd650c8160975032124e4b0c65eb75578f5c2415e3b7a809ba549a6830a6ee06036a4a9e6ab2ced59c68d2be76a2a3204a43bbde011882024f07da27519ca95024e2e0ba682a2a878550f35174593352c7b8a50015997707d8f48348a6119844ead1cdb1b18442efaac69ec66ed8ef5ac5bbf8e64248e8387145b38101ae2138d4629954a5cba34c2eedd0f911bb8c9f3cf3f4f47c753d885eb88a4ca7f7efd1bb88e604e2aa3d445f1aa7984ef235514c2a2c3eee6b56cd5ea39e01e846c19396d90cca4c8972708840a8a8c95cb91cde78998fabd400eb847704e66b34852881e8b602bb5fa64210496f0e84a75f03b9ff89fd8105b46a31ea3e0b8dc629a33b3fd3cd3be89a46bf3fac13778eec2d7b11aa2a485cef0e8307ff9de651e5f1c61e78edd9c3a7988b96c037aa4806dfb359bd35c3808ff81e7f9f7b4e7fb2c26cfb550c2a046e69560b69a67b23c4f732a8d0804997433ab8de5b476b4309befa7dc2a51742c982f60637362e83ceb962d4755a40f3b80d81e8a26a8ca70367b852bd55b1422016e5c4789a6b0cb1eb2a790cdce80aa23e49ab386ebe07aa5da330c1d0c15273b512ba53602906d3cc945362574c5455725fca456abc589ab60fb5424974ab6001581aac570f355362e5ac5b3bb9fe2736b1ea6011dcf2e51b2ab9831135dba3b10cc6492d9d969f6acebe6e6d8006fbcf11a9fd8b0898d1bd773e0bd69085ca45025ad46d0359d55f58b5034956a3e4fc230502b3e154fa7aea0414446151a9a6ae0e260db259004aee32147a29088134bc43e5022f722f7a6399d2a9e5f6b5c157a1686aa51f53de6650b5d28a46593457a0c5c989c9ae5d5cbfbf98bc32fd0f90bf53cd0b1069a93d8310d1b075f51e8eecaf0e8ee34f9ab8738377691952b57523f5bcf99f3fdecde2b53a9b8e8669290bbe7bf15454196e50fe39a7fef7a77095182104d12388a60a69c67b29c634d3a44f2c1704296c79ad8dbdbc7b593038481434005c908f1ac3cc727aef23354a98b18b8800841b57c84a1326915b834d14f51b67035097c301c1d6722cfa32bb6937035aa7e37f94a8199628e19bb404544705541a8c8084bc6b673a811053516a7ea94f1ec2a9262805fc5b6aba836788184ae68940b16d80e994886cec666163564d8fef85a16d5b5b236dd4d3b7a2d2c1cc89891788d6cbd90f81ef1789cc3877fc0939fd9408b05870f1f66e9ea4fe0fb16aa99261ccef31bfff41fb1b3653585f9026e28482493944a25e2b2cb8ca4d22a37121250367548c5f14495d02e83524b64046188a91b98ba49e0ff0f06a7699a148b45ac5209844fd48c52a9e4008f6a7d92d3c13049b99e1ebd85b499e6f30dfbd8d2dbcbc665cb092dc154be84e54a602a4c062e7393b33827c659b17935d539974387dea05069a57bc9d3380ec4a349bcb2871cb9bbdda9691a8aa27c60e073e77a0f82b076d5d7a654a20a09479298ad16992ccf13209082105c41a366b26fe93adeb974886bb9593c0d22864144e85c2ede667076982de915580001a8776ce10b638314dd0a89741df9c0c12d56a164b1a5a1877ffdcc97e9355b1181cec4dc0cc3b3e34c57b364fd2ae3c559fac786189e1a65a04ea2502d22693a81ea43e8e0192ab250f06d07331f908844d083284ec9226aa97c79dfb33cd2bd89ce480b4da6818a40d8e04e976acca344045984b8ae85acde5d734e4d8c12899a6c5bb19db7dffe1e4bb73fc8934f3ec19f3df736a6b99368240a9285e282e60774a79ab17c1f4d8e509f8c13308d4f82aaed10fa50083c1c11a0691aaaa153cecf63282679cb419123c892206ec6ee0572c03d82b3b3bd133ff450065fc7133678015a2861c4d3e46767f9f5bffcbfe9ae6b67dfeadd7c62c50ed634f4b2b36e2b21652286cee7d6efa33919e3fb33d73877eb0c9eaad05567f0e69bfb599a59c9b35ffc054e1c1de3caf5510a85024a4aa552724846eefe229aa6a1aa2a52f0213843dfc7f7c35a9f4b11d40e4c480859502897c859257c825a6a5292097d58ded6435fe732ae0e4e83a1517203742dc24825c7a55b57599dec26afe8e8a1425496f181a357cf323597c548d7e10b198c28725165fbaa6d744532c42b2a6e35a443a9a7bda30125aee1011616e3b929a6b2d3fcd6d5eff3f6f177a98465a47a1d4289d00b70e4102154fc18383258ae850bd8259bd56d4b5853df43bc2213da77a21332c88904924a8d552c025469e12068734707132f8c31df9a65f3e6cd1c387d9a9b1eecdbf738c7de0e2894e649a40d7eef8dbfe23fe64ac4cc24d5aa4583996245f71226aac378469a7fb2e9a7d9d4d445532481ec0438a183a7d52a42955080e7d1ddda3ed2d5da3e325f28de7317907b02675353d3485b73eb48f3c9a691b1ea648767d93556f6c41c5d8d29e68af3dc98bbcac01bfdbcf8ceebac6b5fcbfadef53cbaba97ad91553cd2bc8207cc168ccb6f7175b49f9c9aa51a0fe85bbb9ee9e1595e7efe5b384137994c86c6c604121e75f5e682d7ba2ccbc8b28cf47ed03d0cef68cf9ae64482300c9045edaaafba0e55cfa945a582908a068401a94803cb7a97a38e9cc63135989fa3ac2b0492cdeda9512a569582e451a7c74191f1f0b9367c131405cbf708aa6550a3b892c2da8ddb903128e68b28910886a123eee412846b234297a5758daca86be28c9163e0ec25b27691981c671a8bd07220f09011d84d3a5ea908928ad192c4c0a7b1ad090d195c080d958a1f6005b58ecb7228a1043e8ae3205c9b48dddddbd5e07998a6c9d4d4145acc66efde07c90f0e71e2c4095c6f0d815f22a7841c9d9b847804c2113054a2ce046fbc7304a3b781fc84c717363c8d1c40dc0a918a16419d40323454cb27b43da450b0acb777f4706e70f4d7573f7bcf41f87b4aa5ec6bd978fc85f3ef8e7e61e9de51231752896ae48bf3e4531e23419952d5477274e291384533c781e27efecd7bbfc92fffe5ffc52ffde197f9cea9bfe052641261d8885c96d7464abc7a284dcc8eb361539c2d0fac24949ab87deb06e5fc2d7cafc46c2e07c2bff3096a9f0f965cfb74c8ad7c425b01d316e5b84cad278e832e69c8051f2a0292718a6a802459e0ce71f8d61966b0083d1f33f02839164668f0d32d7bd8eb75c2540ea95e2515cce3d449bc72f610b96a9645d1041129645e2d7074e62237a7ae2305153cc98284493cd479a67e054fd72dc7cf55b1ebe3e87141a80604d4cc0d5956d195284a6020029d2fc61fe0e1d63e42c961aa3846280ba2468264431227e2e0e503b0026425c4d27cf2159bd2489100c8d77920024c05521a346a827a3924a9ca44a3e61d6006542a25c0a3522d512c16eef4ab0749402ee73033f9229bf765b8391161fc7885eea6168c9e56e46407145d8cb24cca6bc0cc1a9033a02aa8f816a40df2e3d3c42b45ae972ff096748153f3574924eb88a51bf05c17adbe8dec788e27dbb7f39b1b7f7a7465d3a28fd405e49e83f071113db6acb333d3d7d89d393377ad837802b52ad03d855d7dbb68d4eb181a1a662c3bcdac5da02e99e65c5cd03f31c6eb07be43eb8523488a41bc21c5dad060b99a6278f418d7464788d5d7b36cd9235cbb12522a9489c55a49376a84f79041ee6acb10b9ad900f7d40c68899356f56954197f17dbf56eaa1c82014c667a7b93135405bf33a42c7c55035742111354c562c5bc1f7cf5f24a848143d1ba40896ec7376b89ff6a625a87e80140aaedd1ea4a0836cd6aa4111327a20b36cd162423f20aa9bb8f790b45224998869a2483288dabbbe4f71e37daff6fd88441062681a8a24d7ba2ddfe3b949771ca39a6d5efb37dbb111425028df266eb6323a64f3c0434b39fac61b9c38d149d8b0034b9a428e2658ddbc84b5f55d68aecc687686dbc519e6ac02566811eb6a63fed604ffeef96f924c26c9fa6582a4815bcca3b93679699e96e62e1e59b37544f3c4c8cabaae8fd4d8eb9ec1f9bff63d7dfc6ba79fdffef9757b47678f653b06c9d2146b627e70922d2dabf9c98d4fa02251f56cfac787b165f8ebeb87a94f5a4ccc8e33e7bad8c26506979b92c5501c9ee95b4c2abd8963274e72fdc609666617a308094932802a0b91168300562f5946f3b904156b16575530cc289665a1c82a420b711dab96570e42303446e7263978f1241b9b5712f53d64a9564b641811766fdcc99f5d7d93d9d22c8e2e83e751d07cdebc7a8a07373f44230679dbe6d8e53314221031b4da3c751b524a8c4dabd6237b02431328f7403cd11599fa645d6d50160e84b56159ae7b079ce24edc3684c00b481a714c55430ec1bb07f0d7b4756d0f55554508b06c0bcbaa621806b7072aacdf94c2766e73ecf00cebd6af60f4568e735787c98a5694e22c7bb6afe1cb5b9ea4d131199f99635af2c8e93ec5c061646a8091965126f259e6649ba189eba89a8c5db0313c178a651eddba67e453abf61c1fc94e1ddfd1b0ea23d1e63e122b69697dcbb115ad8b32b7ecb9cc7f3af2bd8e71a980903cca95227250a54d4aa17a1aed911e62f1244fb66f21e9bb4c97a799c0e242618cfff3f05f726bf02047148dba63efd2d1ba86d6e61e56ad6de0c5ef0d71f5ea599ada565228cf138fa5efba1edff358dc9a61717d1bc363e3684d3a6e1010ca82200cee98a0019224f05c0f396252761c8ef59fe7c1cd37d8662c22743d500d082556752d6747771f2fddd84f188fa1e353d47c8e8d5ee3766186c6788699c20ce76edf8026708484e4099472c892d67656b42f41b16ac5e24a08e102397f5d86c6fa063445ad69c8a006cec0f5b83398bd665707b5f7a88f25886906720892b8372ee9fbe07c9f9de479b579f6baae63557d46660ef3a55f789cc3ef4cd27feb22cd0d2bb1a967b6026a3947a3a9d2242224751d91aca7335e878b4299325d8d6bc92d2de1691ae719e32b5ffb97dc2ecc111a2a36326d4eddc8d3ebf61c3f3870e66f7ea6f7131f790ce14702e7beee5dc75f1c3dd4f1139bf775bc73e93c1723631db26ff0b7a75f6568f83abdc90c4d9146ba3b96d05db78484df88e906984ec89a681d99a4c1a1c822de92aed0aa37b065e76ebc6a9ca387dfa6ea15684a6f2512b54104c462f50baec7f77dd2b138ebdb7b397ce3246168502a5b0821507d0fdff3910890858c67fba889247228b8911be107970eb365e7925a90de0ff1c2807a623cb67a3b072e1ea5e4425c1754e480db6e968b23d759b3aa9d0bb3c38cdbf3a01a788e87eca8d4392a1b32cba823862c04f8c19d9af1bb8353061aebea5165e5effc5f2fbc535919d6ae7e29f4f15d9fc67892846a2005779a242c20ef5fe941f8a1c9a0aa2aaa524bdfe6ab4758d2b989a36f5d65fb83ab3872f43dc6c7ea58bae222c7988d0000200049444154d37cedc06f538a5479e1f27e06276fa35a2a71b39ee58b57d0d3d241c413d8818e1cfae8b24669720c7b6212ea02880b0249624ff7c6d1c397ce1cfbdd4ffeda7dcdc7fcc864e36732bbffe6ab27bf9b7976f5deccf9e3bfd721470c86ac69668a16ef5a4314e64a8447048aa4f3d9fa07f9c2430fd2b76231121af3851c05a7cab465716d669a43472eb076f53a3eff85cf51c8cd71f8d010972ebdc5d2e50f21d416e2f1bbaf4526248ac2c6ae15b4e829c61d177c8750530119df77d19010be803bed5ba4b8ce5cb5c8dbd74ef0954dcfb0c868247442645945456277671f4be3ed9c298c11d4fbb812202b9ceebfc486656b383c3d40550b313da88602d90ae88eb7b0ad672d6a28012181f0815a8df85dc587ba780255d4e20d0177c8c141581b8ae0dcd17ca18fe40534c493c43403825a0ffc8fd2eb49881a09a5561c18323b37cbf4ec251edeb38ca387bfcbe9d30ecb7afb989ecc70f9da451c3581b1b4993373639c1ebe8de2e918520cede81b48f315982f23ad59cc9aae2eea54c1c4dc0805c525164b922bcc81a2f3f8d6eda38eebde772bc4fb2a706bd352c79637afcafce1f9d6cc4c69bec33775cac539cab961d4442b3bd76c62ebb2753c15ae63fd8a5e0699e6b50b473879f90a2f8c9fc74d2894d2752ceae963627a885327f7d3946c23d3be1ed394999e1d60c9e26eee5471fdf717af4a480856b6f7b0a429c3ed423fc414087c545d270c1542e78efd26a9388e4ba84b4811b83e37c4b12b67e958bf8f20f051540d2d80de442bbb966fe6ccf909ac4a81309a405205976e0f7064e23a47e76fe14564ea2b3e555346aa3aac59548b930a27c40f403555bcc05ed869f121664690b90348ee68bb5020a92a811d220b19825a4384a419c554b4dab604e1c205806178c7eeacadc4f33e7430af5ebd4a3ce9f1f6dbaff3a9cf3fc23b6f9ee1e22987ee95314e5e7999f8a28d4c5e3a4157db521edbbd8b5d2bb7914965f009999d9ea23035cbafeeff130e0e9e4208bb9644688d20cb10f7755ad4d4c8ce456b476e67a7eebbbbf17d81f3337d0f1dff5787ff6cfbc3ebf68ebeb8ff958e88212145a3a4cd8e9167373cc4e35d9bd99c59d9819f6078f6165f3dfc1cdf397310c58c239aa248e528958149a6521e9b36f5b066651bc5699dc181091ce190cd8d303b0de9d6bbaf43961508039a92f5b437b6e24c5f817a036c1b5dd72108b0ac32f8770edbb1714588aa2b142b154e5e3acf53eb1f40f5256443450e400e35b6ace883ab6fe2dbe38868020898ccce72797a98417b0ea1c8442b2e6a5c45b836dd4dedd4cb09642fc00f3d7c825aac6621096a8ecafbf2c303b6645926b8c36108011184188a8a266a3cd77b519a9ee71186e10775ffeff3381dd7e6e6cd9b441b0669d337f1fab70fb1ef736b39f0da10070f8cd2b9681d07a6cfb1be7d2b5fd8f2289f5fb687162f46980df063266e533b85ba1299351dfcd6d77e87b393d7f09a0cbca082558115c95696194da3ffe5e877467fe793bff6e36faab0a4ad677469288f7e3bba9f8a3fcb53ad5bf89d6dbf38ba7ff22cd3459f6bd9a0e31b037fceb1c1f31c99bc44b5d98284407816262a37623a6f5c9bc1cb8da3946f52a94bb176f3c338433e73d7afd0b819ac928d118b329f9d45563412893a5c2fc0b63d545dc3754362b282411dcbbbd611b97c9c4a2810a687e7e5285b0214155f114884c848c86ecd0e554c9daf0ebf49e2bd16fef9fa4f614c3b78aa4a391561d58ab53cad2ee1e5848fe4b904a6cdb03ecef3e7bf4dd5b191e20683c2439d76d8dcb99247d6ef22426d60029ac65ca5482c622eb8b9965d445224441821f024902a389287d0155c2b242534e61d1b7493a81cb0a6a51d9df29d666511ca7e15455150845ca31d070122a88d5704109e42b19ca33e9d2208252462785587c09d409706992846d9b56784f06696b1e3b03dfd38efe90a5fbf318a5cf5f9dcaa7d7c79d5e3d8b6c5f3830710bacbec5c404a6de7617525bb1a3bf8c32ffd2b1efffd5f61a4320baa8cd1d1c9d5811cff68d7a747f356e1637537be6f707624db47ba124d239b324b460e8ee73a120d71fe7a743f4925c940768ebf3ef67bfceddc513cdf4218103522c816b8b902a20aa1a493ec59cbd23511ea9c4ee6f1284dcf909f76189f0cb83d324aba2e89ef06d425d3b87eed4a521409dfaff59dd40c896cb648ac21ce9665abe9bbb494a34347913a92142a2590231f9626003282809ad60905487aad15e3aec6a53cdab385d26c01df0ae834ead9b3721347ae5dc5b66d22719d72b544d9cd1100aa2ee1592172c563f9da1e1a13a95a8ec0fdff883bef30b9efeadc7f7ebd4cdbd95eb55d6d57bdcb4572372ed806db60131342122021818440927b539edc24e4e60297004e882f17271020c6050c2eb22d5b7293b4abde77256def7da7b75fbd7f8c240c49706281efd9e7f7cc3cf3c7eeccec3b67bee79cf77d0f20822ac980fbb66faf2215892bb22421bb128e2022f83ea257b4cbd16c1fec02380eaea790917d1670114c114902c1765195227b4b40c0f53c1ccb469224144541d624c27210c771705c014d55503581fed17e12f1099636cacc9c9ba4b6b59e63af5fa0bd7e351766a6711273aca95ec183ebb79321c3ffed7b95bf78feffe0c6c7a12c8a6856f1b16d1fe4e19af751aa96d2b6a48589e90ca208f9c538a2a8505e524aa9fb3613aab789772c30bcaeacbdfb3bc79e1b5f53d33a2efb0263c909da5b9aeac7b273f5fffbc8b7ea7f38f72a4e8d012512782ec452f8b124ae6593912ce6d5023fecdec30ba75e6768f114a581391a2b126cd86a52b722cf4cba0b33182295ca208822020a99740100df7711258a167fbe875fb0e92c6de6fe6d371210c20896007ab058f10a97c8c6e08ac5319f838f838fa1081c9beae5eb877ec4de857318e5114c1bb4acc5ad6b7760fa12e958124f96b1831a6955c00f9a88aa46d00c50e2ea6c59be9e7231422e95c12914cfc89a24e35b6fcfbe912e36d565414491e422dfd303d1f5113c015355089a26aa6612928ac65d22229a282038c54f82653b38ae87ebb948928469ea689a522425792eb2a2e079de45604a20e418ec3f8acf22b76c68243396221d4bd1b67d35af4f2558f0a0dc7469ab5c46a850401135bef1e6b3b8e5a0772e01c9a632a472e4d0ab6453590298b4d6b7a27812aa2741ce23a80788044b09067fbe74f9ede28a169a24acf4784035c7f11c4e8df6f2b5f985869313431001a1318c321dc32e5888be87601828c120ae08965d002b8f54b99394692106932427e6989d19c433e698492c2166f7b1698587a2486433397c442449c2b23c1cd74245c503caca2264e2297459e5bd9d3b39b6f92c3fbab00f3fa2914ac7ffcde1ecd2e65f005970c9847c5e98388171b884c06699ade1362840a51262c3b6ab987a6d3779d3c05224706cf296407e310e8ec0cd152b585bbf140db0f21646c80017044470bdb757672ac519395caaca8b8d7f171f0981c96c02579791bca2f5756c6e9e4c264654af064fc6d18be755df2faebf11451104eff2942997cd120899177b9d3e080eb313bdccccf5b07c7998b3e7f6d2b97c1d5da70ea1b52699a59df94c8cb9e15ef4551fc20c9632974ed24c94b1e93164cda6a5b496f1f3a3d4790ee95c1e2122e2b93e9ee52049126a6918d30b208912b27445f0ba4269b62451c0c55120e517b8101f8788825415c1cf24502d0f43d110f400694f603191251b2f202541cea84c3a131c9a394e3a94a4a12dc80d77ad67fb8d3534ae4c3131f61467cf7463060544c9c1bbb8b2fa925f1278e039f80248b28c624315011eda7117ed660d99b12492201619496fd16f5ffe6ffa3eaeef8229e344045e387f80cf3ff6750e8ff7404042942436d5afa4d43270c7124833164656c3cc2aa85995a865b273d9566ad532bc5cbe683aa2893842d1c440f4ff136fad0896ef627b2e82242248e26566bf24497886841636d14a422ce6e33cfcd213fce6237fcd23ddbbe89713647316d6457beb4b1691b66de3b8d6c55eb189eb1667f0857c16dfce70facc7e1c7b92a666999ec4106904d62e59c9c8e94516f31213730b9454d572787298a323c33498f5fcdf07ff944facb9176d4e662aed414d23dbefb98f70752513c95906c687f1041fcf77506509dfb15155f5f200e09dc61541bb365c5e3f9c99ab573415df73b13d08464b71ad02b9e1246a6b33f99c8593c8410e6a82e5acab696659b49232d9e06f0e9ee4dc4c8cee5e89d8cc04a56a9e5820496de34676ac5ccaee3d4fd0dc5e8b699443a158a2aaaa8420487838a8402c1ea324124504ec5c8e0d91a55cdfba81d367ce21979ac5768a5024bc7a5e714f3a17c55e79d7074303df25954bf1f2e22291bd013eb035c18e955773abbe9685e66b99cbc5107591b2ca0a026a90a06810d6837436ae20e0c958992c01d528b2a010f13c014950de36737a9e4fc62e90752c6cd9c317c0f63d44244459c2153cd2b353100c21b4d563a9215e1c1a62ef8b8f52bdef59be75d5c7a9abab6149433d8a2c208860d9368a22238902e0e3da2ea228a1eb3af9d4028bf343686a9c783ccd3577dec6e9dd5d5cdbbc03d3d438313d435af0298fd471fed401be112c6169750b4b23957ce9bdbfc3efde782793868d2b9834cccbc4f1383cd243cf643fbe2922ba02d9420a0a16920a76feca366abc63708e67a7b78a9a51ff85a3ff5aaf8932e99c5764ac647cbca44d59a085c58904d5817236572c674d590bdb5a57b3a96d25554618b0f9eefc9f925c70b1c3122b1bb7b0bc4665827e928914de851378423b13d3bdb4376d4492351cc741ba98217c0424b7b8b8c0168a2fc4cd3b040c853bd6ee6470649457ec638080e31645b45ef1908ae783eff93892424034c8645260aab8a6c2f35327187e6e16b3a694aba22bf9ec7d1f07dfa1904963ea068aa2110e44f11148fa0e62de45148aad28ffe28a3d4955105c783b4b8eac6391b6f264ec02b6e681e0173390e0a34912b96412749d12dd209b2b909ecb2117046e58b5919d9d9ba9d16b8844a228f24f5c3d1cc7c1b6f3c8b28ca117d59e8ee320a91223a383f85e9adaba00e9ec05dc543db50d95ec3b3cccc9fc2aceca0932ba88369421140df22f07bf8f9d48f03bf77d824a2d4859ca61a95e4e32ed502a96f3adc97d3c73700f73560c226a91f55e48e37802f3f3934502cb15c41565ce7c3a856839452353cb45524bc037219365f9ca4e4a74936bdb37704bd316966bd568be06322cba79e6ed02d1700d43033e7bbbfaa98dbacc568838558b289e4b2335ac5edbcaf4ec1015e5f5e86a0dae2da00941b2b9348aae20bb10290991c3457145828110d9648ab5554bf98df73ec86b4f1dbfec9de4fa7e5167e6bf450eafeaf879872a3d84658ac4b269ecba30e78626f81ffff045fef8d6df665d47071586896c468b7a7c4106643c1f028284e56430540314998267e1896ab1372ef1b6763179d726675b14dca27c58107e92d59144020db588590b6f2e8991b0b9be752db75fb3837b57eea4da0de19495e0b890cdda88928fa9c9040301c0c3f18abc55455189c79358991cc78f1dc275b3b4b6d753b0a739f9fa09366ea96508994931cc42ba17249d0fdcfa21a6ec719eec9de69599c33cf9bf8e72fd86edbcbfb28de89449cd8a4ece75ede3bb7d2f73f0ec41689240b41024130a3692ec33323e8260fee7c56cff5ebc6370d69bd5dd5f3af1d8b6f248e978c2761aa4861a8cb48d333ec9a776dec787565f4f5dd51aaae34022cdb9709a4844a2341e23ed27f9fedc518e9d7b017f5d1b87a78758e63a6c2f6d44b13cd2e13952d5e3c447bec9546f1df5d5eb58b2a41c59857c214928282320e14b3206605c34f9f0451f4309820fb754ade2a907ff9247763dc513bd6fe2d799501e818579a4449ec64009e385248e20907045c8c8a80814d27132652e6fba038cbdf165ae9959c73d6baf617bcd722aa40042c1c1f7415415e44216599570f0f15d070401492836ce5d209fb32f660f0f5953d12fee68f770b02c8bf1cc1cfbbbdf202ac9580ee4704092301403c9022b9525e316505593ed252d7cfebd9fa6b6ac9980102c92b61c0bd1f3303490241101bbb87544005994b1281668d1128f177ffc22f185235c7bfb79ce0fcc70f5b5ed5c183d4dffd806264a1ae839d34fd0f2b87ad5727eebbabb08cc1adcb9f66e9e3bf21a2f9ced62f7993778c5dc87e85b38af644186a868926fb4c11051b3225a5990942690994e3261e4c92fce5f1138afe8c47ad5afddbe6d707abce3c4ec85063419cd01d1f1d8ba7a133bdaaf22498603997edec80dd37db49b750df5e4458bdd0bbdfcf177bf8637932a163802d87333546a02d76fe9a42aaa110e29d4372dc1d4a39c3a314453d35a0421049e865590f07d99b73b6f979911102191c932beb88097cf81ae222a32f142062318c0f37d2cdbc671ece2d8d0f3103c0fdf71707d91e1b1110e9d38ccd19ed38c2766c8e9e08655f2924850d64192f011107c11c911515c01d913903d50b1d13511cd50f06581392fc19999015e3d7b98974f76f1e4a9d7383c77810921415e2b6ad31541c2772572790b5d11b14401d55358a69673c7a6eb2931ca900409d5034f748baa538aee7182505c1be3ba3e8eeb91ccfa287a1f42be94ae435fc1b70aace8cc22fa1e53a371560b6dec1d4ab1cf2ce585cc225e6b25395cb62f5dc7fa60136b8552ee5eba8eebdb57112988c48627b02c07bf34821b34502c1f4bf0c003c397b16c0bdbb151551d2debf5c40be99ec1a78ff4bc537cbde3cc79323bb4b5ccd0eb1ff8d6e7eb854804c9b6115c975421cb2ba70fa2c92ac74f9f62d75c1fde628ed73ff35502b2c819c5e27f3dffafa836dcbaf23ad2a6c3fed1a38ca93a87bc1c75c74f62ce9da3a63180adb7b2b01023959ce3fc8567d8bce17e72ae8224158034f88d3ff73906f30a77acbc8e50a01ce3f5a778be673fbe56c0ad2fc76c88909e982caa144591e257bf83eff9c52a5f95495929ac884ec1f7185938c1aed1c3d41d2e674dfb0a9636b77357f335e8aa4e891120a006d051b05d072767e3d83673fa2cd333f3f44d8dd1333dcac0e23463a945667249d2561e6409a14cc33554bc7c1ef22e2272d111c4bb54814b4805816849299140040509df7341bc68cc25fae04bf89e50f4d4f67d1cdb279fb7f07c179d242fbfba877030836c8e139f72695d1a66eff3b334ad5acdb9c024af2fcc630a41b2a7c719132d7ebdffcfb8bd6a2b9fbaf57e5c01daab97f3dfef5ec6dd5b6fe4f9e36ff2c6cc794ec426b0541fd4201472a89e40366781296384439c9b1a2464be0d73e76de21d83d3c369188c2f34f48c0c34502be02453c8ba81160d7262f202c393e378ba89174bf397effb6dda523a2525511ef9de37d9dcba910fddff19eacbeb088921ee7ff8b7383437438fa6724b69155737d6100e5838253942730bb4ada86470600fe3131dd4d65c8347089772dece4ca990f0885404b8b1792ba22f12914d5e1f3dce6c22872358100c232a0a123e762e0f99149eebe11906a6616091c1d15d6c55c0338194cbf9ec0423bdb3842e74f178ea71c2812065d172cac2a5044c13d997706d07cf7679257902dbf7b0451f1b81820cb62ce084bc2219652e0e29192c07ec2c38e0a2e3cb2a5240c7f7ad225bc9f1a98a9463483a121e79d706bfd80d9065197c11c7f1705d0749949125154d1589982e3d3d53cc2c3e4e95da4cfb86e30c9e51685ae65351dec6fe71815e29c2f8d4282b847ab4f920727b1913d91cfd89513ef7c347b961db76eeadaea50e95d55a1d6b6efe55ae9f19e4ebcf3dc10bfea9e2a74828be065357710cbdd81ad3e4b75180bd7dbc6370ba2ec8aa8a6559f88e0c853cbea6a3474c0a528e782e8f39e6f1d55ffd2c9f5c732b52422433bec8dfdcf3bbe434972a2948020b973ccd91064efb6df44c4df1ec423f5e50c59e1ba2b2e43a1cc1c5f2532473225343cff1e0afac430d05ff53c407a3c2c4f540036e6cd9c8d28625bc72ee203f3cf812ddbd27b12a84229b469351141d221a9eefe0fa3e59cf462838b8561234110206727504cd012f9e239e48e32e51987116399b9fc54ab97897aa534128fec3aa02456e67e162c1981509881a41c5c4d034962e6be7fcfc3013d939a48089ac8ae4b24ef18821c9d85ea138137755eaca6b51901001d7c9e3f92e9e20146d720501d7b5b16d175dd78ba34b45a65018e3878ffd98fb1f3238f3da0415e541e235694e9e4a52597b35e7ce445910f3108ab2b97e351fb9e3d711a31a15354d94a212a6847432462069a1cb027a308a23797892402c9f41092ad89685244964731922c120922b909d9a617df33a5441a6ff9d028c2b00a78a444433a88e9493f66248e13096ef90492e8027a105427c62cb1ddcb76c3b4eaa80a46868bace12d9642031c9d3a933ece97e91de0327d8b0753b37346fe3b9d79fe068d0616bcb4aaedb761d154a1725a51af1a44d269b6564e824c74f7f8db51b3e882054a0283f5f3a9c2b1a7d20fb3e3a224d4a39ef5fb5938640293b96ac63ef5c0f33f3338c4e4f91b193109451423abe22e2792e7ece420a18c8aa81edf838f3711cdb45151582254116856c51802739c52a5b1541d511751d45d108c67c44db472d4089afd218aa62557d1b6b5a96d358534752b7f997577ec0ab63192c49c4f66d5cc14614447c5fb8a825f231648dc6ba258896872314107d1f041b7c9d4b7314d7b3f17c1b4114f1fca2a0adfbcdc7884426f0723e4d6d71face6a542d4f71767713ae2c73209b67607106d2696ebe792d3b9b37e3e6f2d804f1f0981c1a448e0448055c86a6fae81ded6756ca7174718437174f130d04c8e2222822161e79dba1e0089055d850b3125592d9fb4e01c61580d3f084316f213d566184c6fa12a30d6a8589605b4547374d45715d4acb0228ba484e7748227226d3cf734f3dcfc189b3f4494924c1a6ac3ec4a71ef8244932e417121c19ebe2a9be09fa2f4cd1129fa7bab284604823979f43356c7a4e3f4f69680dcb57b414b7b3fd9c48a5e294854a90f071f2792c3b4fc4d4b9a9651b3b5bb6711f8b9c1dece5b5235d1c3c7f9cd1d42c39d7472e31900361522119d775b012c519a3226b978d34d2968be49b08808c882a80ee48a88e8c9a11907c81ada166aaabab685bd24c4b6523f5910acaf512c27a105556399d1dc24a38cccfa7714401bc02880a61ddc0cebb459987eb1134822ca96d2aae53742c74ad9841454f05445caf80eb5a282a4892c3627c96d1b111fafb9ee5963bcb39dd75823bdebb82179e1b21d058831858ca7cba157d55055567e611ac3c8eec32323f4363b89e85549e9460f178ef015e3cd5456f7a12b5b6045b2830373709928d5c1b856c1a41f1107415351a20e7b86852886d2bd78dddba74fb58dfc2f83be672c21580b33dd2dcfd95aec7b7b5d72d193f70e65443c1b1517c0f2d1844977472e331be77ec4556af59c1ecb15e9e3db99f57f2c3a4c205e4aa00ced95e282ba3207a5c583ccff6d2557cecce8738fa9d014ec54629d5c23c749b4655699890a1a0ea060537c7cc6c9093271fc3d4cb6868dbf2739f63a9a921b8f9e2b1088f801e4090641c043cc766a910a6ad653bd7b6ace15c7c8c83c33d1c1f3bc7487286b46b81ae636573145229dc828570c9924715f11589b01dc69034ca3493ba4029add12adacaea5852564399196279451d8661a0622020e3f8e0382e0541c213405542486a00adbc1caf52c2cb2e22b82292ef919c9ac6ac2f29ca7ff500e56629625e04df479534c046422a5a29160ac5d1a1a621e09048cd3238d443457586b20a1f49ce61e705d480cde468336240c7d0afe1be75154c4f0cf2a61be7b75ef83fdcd57e031f5b761b3b6b5ba9cc797cfab60fb1e9ea4dfcd3c93d3c77f64dd289098848288a866b2528a4f308510341d509954789cda689064263376fd9d1dd3579befb2fb77ff81d7339e10a973a7ffde8aead5bdbd7ddf7e8b117ef7b64df530dae1f47ad8e10766d846416518e90264bc64b4148450d47b1fa16b865c955dc54b396b4eef217cf7d91b2b5cb79fca63f6035ad3cd2dfc59feffa227ab5c0873361362fcb12cd9fc7c8e4a8282b452809309e2ae7646f80fbdefb4dca2a25caa226022ad9a4423000481ef1d4054a42cb819fb64abc44b885a263c8cf3e7ed958d5f779aea7fba746903f7bbf245882a96a848d00d14088b06e1256f4e2b6391f0ac2cf2f09cea717f8ec935f60cfd83eaa2a54645d602c368f1eac444d0a24c333c873227734dec45f7ff04f69554ad17cc8d936b22aa07a320561825c2e846e26d09c06c6675ee3d0fec7a86fb9c085378e71dbafec6438d9cff48c4345f07acef59b4c79659c8f2df0b10fdc4b5b64390bf1028fecfd1e0f1f7894f2d6526e5b7e0df7aebe9396e012966b159076e95b1ce7ab275fe07bfdaf93d273b8e9384ac0c3b1c19002b80b164ba44afedbfb3fd13565a59efc93b5f7fedd95600bae7042f4db1b6eebfefec891867b37ed6858c8ccf2e2d97d0df1997916830a6535a564c76364759f000691499ff68a268e45651ada9bf8e8f67bb09038307682dd038779aeed0ceb376fe521793b23d3efe1d1338f331112b003ed34352da12ebc08b24d266f10c886a856b33cf9f467f8e8af7e0ad1efc0753ccca043229d40333422a1d6cbcff3ada40f5114ffdd99f7cfeeec01b86dc38ecbf7df7a84b8743f8f8b8c848a848c40b1f153dccc86f7f65b89c3a12092aea04482a4449b6c3201d902f9a04479b48cc09ccccece6dbc7ffd2d2c514a216b637b2e9e9f0355c3723c243548c408b3901ae57cdf287d438f62e5c7a9298b622ead61f6d439d676aee4fbaf1dc16ef3e8d3057e347884f3568cec0b79eebee61e56d76d26baac96fa782b23f1311edbfb122ffd681f375e7313db6a9672cfb61b0805eb604c25e764101d9780a193146d4acbcb59bc3041b550c627dfff91b11dcb36768dce8d77fd57b1f4efc515af7f7cea2bdfe8b9e137eee1aece6d11d9f7c33d43fd917c3689545f432e368d1f31a97482fcf5cdbfc1cdcbb69295444e1f3dca8e65cb6834aaa90f45d97ba88b37072eb0a2ac966b952a963736f0bdfe6e7ad3fd2cce8aa446e6c9cf9d6776748091813992c919d2f9c354d446193c779ebaaae504c215cc2d8c2148056c57459202c86fc1c65b2510a2285e5626fe47210842d1c119507d1f15507c1fd5e72797a0a021a1144972c5d2c4f72f6f9b432cae9cf98fae497b9eef1e789e19398b1250b15c013c196c93404ee3339b3ec6035bef627bf50a82be879049a168128254e4a3cecfce50122ec3ca494c8e7773b0fb3bd4d60e113192e8729acae6128e761d6765d335f40c80d3b4993773595e9befc593e7383b36ce443ac6546181574ebcc950761a477071cd20055162c48ff1c68942fbb33c00002000494441542e0613e31c4ff6f3726f37f3760c45f1b01229fc4839b9c9240d7ad5d8276e7ea0e7036b6e7d692239dfbda37ce5ee2bc515fc02c009f0f457bfd573fbc7efe33dadeb231e5278329789cca533285a010701d5d2f8d0d63bd956bb92866039afbcf6326713e35cd7b489b68a2558598bad575fcdedabaea61489406980c5b04af7c208be1824a287d9daba821ded1d7436d653df1922d421e2c71d1441e4d081a3848c121a5a5660e865a85a80741a0ccde392fefbd275997bfc33d2ddb766cccb20f62f2e2cbff86b045f283ae3f8c52b9fcee059d64f32253fd1878b177723bdf543f1b3d7c1e1533c71603729d5c34de7f166d2e8522937b46ee1a10db7f1f12d77526f06d13c209746d4645015b28e80a798940522a453334c4e1ce68dd71f65e532195d9964e3fa5a0e76bf4ef9a6e59c1d58c00974302636712caff2cce9e3e4e53c7a8986a3888ccf4d333836c8d0ec308e2a423080a4e9a841032b2c92884f31965be4d0f019266787a03480aea92882889432a8f442639fbce5816ed7f55e12115fbab9b2f317024cf8058113e0fb5ff9e79e3b3ff921ee5e777dc40c06c3d383139198bb80132f609456d23f3dc5c6da36ae0a3792c5e5cbc75f4219cbb2ae632dcba20d5cddb2024380192dc91387f6b26bd72b341bcdcce6a63938799ee10597c25c86d4d451a6664fd0373e8b912b4110f2d43794313131879b2fa1bcb2192b0f6610445c7e169c3f7d15b3e72560fe2c786cd7c2f55d5cdfc3f15c5cdfc5f15c1cbf78997a004556502efa840a1719f7c58c59a4acfdbccc7978f02cbb8f75214a12ed4625d7d4afe1fe4db7f0e0da9bb9b7fd2a149b62f6f70a38be8da8ab646c97bc2f21ab0aba27323cf41a474f3c8cae4ed3d61424134b53592932303444a4722929af8673854ade88c177ba0f91ca2588e82ad1bc4f2e1ac52be4c85b6942a1309a16246884c9ccce60a7e20801154ff0b0541fcbcd423488a219e46663b8366c709bc73e7dd787bbcf4f0e3df9c59d1f7bf4b12f7fe38a34433f1bbfd0adcedff9f2377bdefffbbfc1550d9dc97231c4a9b1f378b1422429da0c15e6299134ae8bb65256594f773ece4d6d9d54d53410964caa748d677a5ee10b071ee7f17d7bd9d0b28a47eefc438c2a813db3fd8cc60bb8e525b4369b6c685cc286ea4dd42f69c717b29cbb708499d919face8fe3582acdcb1a70ed697c8ca2f3073f3195bd942c05047c5ff837c02ccea82f3e2e152dbc454942908b1c4b51962fdf9704894bae58beef5f564b5ef20b152efe9dffe867607498bceb71d5aa0d3cb0ee463e7af51d5cd7b499b6601572dcc292b2f8a28b874fceb19155fda23e48c0f50aec7bf17b9cedf911ab37c45998eee7da1d6bd9f3d2293ad62e6562660821b682d15c2907b33abbfa86487b161ff9c007097b1a233de3b8b25a246c8b0ea2aae0e4216c46c9e7b2889a839013f03c07df2e802422cb26ee7c0e39052b6a968dfdc9d51fee1e9c1e7bf28beff9ad77649af076f10b5f39fee8df3edc73e76f3e90ec8f8f273b6b970baa4df8dcd4f9086197c9d83c3566191df51ddcd279034bab2304d42a06d2b33cd1fd3c5fdbfbcf9ccc0de3ea3aab976fe4ded675d4d42e219eb439bb38c5bc982291cb212c7a846222af1ef911959525ac59d741b044a5a44c6471b19f93c7f651120e62041b2e56dfde4f55ece0e3fb1e023fb16af9376c79c0f39ccbac79dff37e72eb15bd977c41c0f1dce23cdd73f17c1f51289e67ff336d102103ab56ade5d635d7b1a5bc91524727934e23c90ab2aa226b603b1e82a062592ea62621fa09b2f101ce9d7c9981c1e7b0ed51b66c0f129f4f102ecbb2386720e9410a560bc767c3bcb260d39577985a98e3233baee74fb67c9025e11aaca441dcc96379395c131c59411283f8b680958b214b05642780120ae2ea1a8a1a408ed9d4da413eb0e5763e7aeb033df3f9c44b7f70d57d8ffea23174297ee1e004f8f6971f197ff9d11f74dffb5b0fd66f58b9a62127651a46d3931454989b4fb325ba9a55d972b440817d674ff0f04b3fe4e981fd4c9b31241392b349862616a98cc86cacd9ce86ca6564e317b8101b6060264fa956c5a6650ddc7c7303aa6a323e3ec3ccfc000ba95e343387a6981cdcdfcb9a8db7fe9457fccf8620c8176fff2d30a168192d0a62914c2c88480897a51f9220e2881288c5cc8a20200a0282f893f57d6f17159132ca4a4a911c1f753e87246ab812643591782689e4f964330ea140005dd5c12930d67784f32776d3bdf709eefbc83a4647fa59bfbe86a3077ba86ff1191a72c85a1abab68d1f167cf6a4934cd95964dfe70fb7ee608360b0ba62354b1bb670363bc6e8c2283912f8ae83142827134be1fb394261082855240b79bc64125935680bd67047c735631fde796fcff250c39366c8ecfae6e7bffa0bfd2a7f6bfc52c079293ef7577f4447a426b963d9e6f0c8995126671723a3d94562c134d135a53cd2f3149f7ee5efb9a0cf61ba127fd4701b5fbeee5354d5b7f1c2d449ba7a4fb2b4b3998e483d0135ccd46882b1c579460b195e9d8c5338bcc0f8d83c48319a5797b265cb0a423ec446c7d0b50c8f3fff048e90c62cad400dd523c81a82a4626733e8a20db2892808643219f06d2459002cec421249f6c0d7b87c42142edefa5c7cac9851258a046659148b8e756fed0278317c2f077e0e813c829043100a97af5c5ac310054cc5262f2450833ebee011928268181808188281208ad89902478f3ec30bbbbfc8aaf519ca6a07a045e3c0e133aceea8207e668125e23ae62d8ba3f60e1e9d19e3f9f42954cbe3bd4bb7d32057f3ed97f6916fa8a7b1ba9648668207da6ea58630fbf71f24670a78210b943ca61141f3a22cc467906ba2b812b83339766aed637f7dc727ba6792b197245de95aa7375c5193fdede2970ace6f7fe91be39ff86fbf4bffec78f2ba6bae15a6738970dff470a477b89fd78fed67d7f963989e4ed835b132364b3b3ad9d1b98d3a3348e2cc20879c39c67b87b8aa7d39abebdac8c93617d2532c067c860a094ac33aabb76e62494525e347cfd0df751ad156296f69a6acad81adab5b397b6a1fe77b8fe1bb194441206c8430f420a0922a4c202b1ea2e8e1b82eae2b904edae473229a12c6f71d5cf7e2e5d920b8883245348a1ea2a8fc9b22eaad2108068268228826f8068eade3d82abea72360e0f92e8a2ee2382ea2a451b07c743558e4647a3eb20633f1218e9ddcc5332f7c8168d92cba36cda675ad0cf50dd0d490459cb568a9ac63605a673052c55e2fc39b09389f9d203334ce6d75ebf887f77f9a5b966e64647686275fdbc58293a073cd6a4ab4280d4db56c5eb786a35d87701d9fbce3606773b8828faa88e47c0f6c8f123fc8af6cbfad673e977ce98ed6abffee1ffeea4bbfb48c79297ea9e004f887bf7d78fcfb5ffb76f7d65fbba3be3c186a38317abe21ae592c5a0b08a1725664427cf5239f433382fcf0581765ad355c53b69ccd4a94dd99699a6c83fb565d4d85a4d256b78c45b9c081ded3f86680dec42caf1d3fc5fcf03c57b76ce0ba753b900c9dbed961461607490dee63f5b2522acb7dfa7abb191e3c83240a9484a3286a104100dbf2b02d8f6020822c2be8868128cac536905cfcca1665115112f12eca1f2cbb80e514504413ff22fbcd738b7e468ee3e1d8458fcd442a0d8284ac482082280988928874518c663b168a2293cdfa78ae8c63fbb89e87aa0242969ee103ec7df3dbc452afb118dfcd3def6d61a47f3f6d0db5a46359aac313e4676562993027ac3a76790abb328bf4cca5c8d829aaaa1a3173020d7a394b6b9b58b57225bd237dbc78fa007b264e53120ab23cda48ad12e4de1d77303236c9686c1ea33a4426bd88aaebd8b902f82aebabdac77efbb60fbd94b2f32f3df1e57ffaa50313de05705e8a87fefb6fb2a9be237c7cb8a77e5e4c47aca04ff5acc6af5f7737f7add849474d33bdf3937c73cf33949586b863f5563a224b7868cb8d041089db195e3efe064343c37ceec39f24346971cecd90160dd0a3d87999fe9109fae7c72909a9acafae66fdaa6aecfc1cb3533d44c22e3535214686ce73e4d82162c93902721b861ec13442e4b239e2c945d2e9044816aaee8157d4c04862b10217451949d45064154536c0172ef74c451124494092446459449625f4808baa5c6a94baa4732952e938f9420ec7b5089a211c07f21917dbb288961a24e2fd4c4e1fe38d7d4f303cf91282d0cf4dd7d6925938c686d5f59c3f7e86b6e6464e1e3bc5cad5db393929f2c682c65129caeeb149e64766110a269194ca427c961153647f6c9c75ebb6d12485d8d9b99623fd6738181be18d9ec3545794b2b5aa13a900352d2dc4a5027dd3fdd84216d713f03d11232ff3be4d37f74cc517ba3fd676eb53ef1666de35703ef5a56f8fafb9efda8e2a2ddcd0d57fa2a11056088e5bf4cc4fd0d6daca96503d6da5b5f4ce4fd2d37b96bbd75ec54aa391a0a93266da3c7cec19bef6c2f759dabc948756deccadd1953c77f610539ecb84eb3092ca322778542c6f64554d3d553305f6f79f26673974ae5cca9225e52ccc0e633b494a2b342c679643074e71e1c2417c37cd92e67a02661045d2f06c114d8d5c74142972575da778eb79149d197ce1224dcdbb7c2c15c59f805510c0717c3c4fb8b8363087e314ed632291309aaae15905644540d75c62f37d1cecfe01878f3dced4cc9b042373d4d7cda17a33ac6aac61e25c3f8d55cd0c0c8db37ced46faa72699946ee4b1fe057617547a9c2cb1f1193ad4163e7dcdfd6c0d6ea0b9b38dc9c5381941e2d08103dcb06a034bd408ab5674d273fa2c83d1027b5ede0b8e47dbf2e50c27677876ff6ee6720b28611ddb75d07d0d6dc1e6e3ef79b03b2069dd4f7fe55bef5876f15f8d2bb364f82f464b69ed784755cbf83fbdf13492a8936b2a301d1fe10f9e7b84eadb7f8f6d352bf9ddd537a04682a4e2696445e270668cbfee7e9c57278e41b94b4cf58867d22c332ab8b17d157de7f793ca6799f065264727389d9c60a8b28ceb122e9b1e7c102fb7c8e9a113cc8f1fa5a1ae921bafed64266ef1f29bcfb1b4732bb90c5c1838cef98167696ad8cac6f5b7130e55b23093c58c1650151d4951b8a8a003c02ef8142c07335c7c5dc2e5a6fe4fcb2d25b7987915110cd32cfe0acfc3b1f2b8aec3ecf421628b73f4f59da424ea71eedc6b6cdad2c8d8c4399aea9b50f514f9f924b3e333185a3359ab91bcd9c1e96498c5ca957ceb409c3d0b19e2d108e4272851e0b6a55bf9bd6bdf87ee96d09f1ce6632b6ee3d4d00552851c7b5f7d13f9aa1d3419157c7efb03dcb1efcb34ae6ae77feffd572ef87364b369e613b378828b9505d1d4502d81283aad915a6cd37ef7c0c2bb0cceda50cd58341c1eab0d578f0d8f5e68305b2304cbaa99892df2c9a71fe66bf7ff1ef7acbe86d9b959948a32f6fb337cee6b5fe14caa1fc43c2139ccf2b24ac281280b7197d1f808a9cc3ca261b055ab66360b032478c93618486579eda983540504d6d65672c3cd1b2951b31cd8b79b543ec503f75c8fa087387ab8074596894434a6a65fe0effff149cc4003cd8d2ba9acaec2304c22e10a22e1727423029289a2292832bc158c1edee5e50897da57865c024e815c26412e1f279b8f31bf30c1c4e430737333e8e600ae93c1f317e9686865767698d59dedcc4f2f505dd24ad7a951d6756e42f5a224497262de613adcc9fe6369bafbf24c8b33584150c51096af614b05fa52314e25ceb23672152d621572b9c1ba7023b62931934f11d1238490296ddfc85743bfc99ffdcbd728d4493c3eb4873a3dc8627606211840d04c3cd208b6cfdaa69563355a742c29e6ae889ff95f8d77159c6b22cddd5f38fcd8b60debb78c1f3e34dd901d1ba449a922e3ab1cb787f952d7b3b46f8a52555ec33f1edbc3170eff888c9f454a67d9b17c39ef5bbb83685e2780c2a2643325674073b86be316fec7d6fbe83e768ccf1c7a823137c1644505d37dbd6c696fa45d2ce3c0e101fcc50bb43494b2664d3b99d8144f3fbf9bcd5b36d1ded240ef85013c21c3cdef5d87e76778ed8daf32bdb0f362c104023a01a39c8af27a2a2bea0987a248c192cb4606966561db76d10ec671705d172bdd4f2c3e472c3e8deba7318302aaee623b691c39c3daf5354c4d4d218819647510dd9843f417c8a7e3d8e92cc99c8e4d90fee15162be4b5e90b890831f9e9c201b6c232f1e2720e59092165ec4644148f1cce0698c3d717e6767159b4bdb98cce739373984ee43675d336ada460aaa6423413eac6e65fc8e29fe72ef3f42a5cc9495a2b4d44408943293cb809cc77334d62eef1cdf7df2d5f18faebdfb97da3afad97857c109102c29195f27568fdbc3df65694b3363d9244e99862a07f8f1f167498a3136ad5ccdf79f7b8c09254fb9aff3e7efff1d1e5c7f13d1b844991c81828c8148da55291992f8938ffc2aabdc66c22bab5876fa1047670fe14919a697afe6fb3332bb67e7b8aa36c93df5eb584c9470f0a55ed2f5f3dcfec10d949714e8e97a0e77c1e2b60dade4e247181bb4f8f8750dec9fdd432296a1ad650d63030be452328255c5f80581c181312ada43e00408982916c703e49df374b4dfceccc219a2e106a67b8e70cb3db732383b8ea366e858d5c49e179ee1ee9ddbd8b7e7352a2bee6162b08fe54d95146263b4442264e62d54b50925b816797482b34609a759c5d3b393f48f2e927317f0bd59ead4140f5df3796eac5d42424973627a98dee31778b6ef28cf8e4c51b2f71b04effd636a74113bbfc067777f17afb184fbd76ce6ceaa66c296cb5ed7e7d0c953849d30ae6f92510acc8a0e829704ab00e555648716b969e535e3b12bf4da7c27f1ae154497e2737ff5671da1a0d9716166bce37c61142fa061170aa80e541861166667e83a7d9cd9cc1c7e546563552b7f71db6f50279631e2661914b298660843f3500306f76db99915b5ad2c4879fe6eff0fd87d7c3fad66059bed5206530b7872907450e48237c58b674e716e328f6156b173e30e84c41c6f3cb348436d1d1b367770f27481d95c86ea55067dd32e1127ccb557dfcc44ef39f2a959aebdb6939c35882f0d73e3ed4b5948f6b1a243a7a254c5972eb061fd72e6635dac5c598ded0eb164b3875e95e6c2e41196ae68a0bbeb00cb96ae6464648140a8164383c1be01366eb89a933d1334afbe9e13e379625a2d939ec909b184b3198157fbfbe84d8e912086e0d9dcb4ec5a3e7bfba7f864cdb52cd1c38454585dbd94eb1b3a3074833d63a7399e19a3fc5c9c2d8ded349594a3c8123f78e539769de9e25b27f7f0d4c851765f38c1f1a90bb8b283210bd8b1047e2a872928e892821708b3a1a469ec235befe83224bdeb91bffde54d83febd78d7c1f9fb7ffec7e12581ca7a47f6eb5f183d109143411449c64f64084832b6efb0e8a751da6af1220aeba8e43757dcccf0f909fee6c78ff13f9fff3649778e8efa0a3acb57d311adc5c1e22b6f3cc657beff753ef7d1dfe6ab777f968f5d733f776ddfced25003aa2d90741de6249db99a664ec472ec3a7c92d15359565f7b0305a99a57bb86d1a326ad2b3a598c8b8c4d0fb175cb120e1e7d194b4cb1725d3b87ce1cc4922c566ee8e4d4855398219368b5c4a16343ecbc7319b1a4c144f2089bb7ddc22bfb9f67d3964e86fafab1e209daeb6b397ee02cd75cbd86933d4769eb6821672b642c1529d2caf1319741ab9cbdc319de984cb177748e97bd528e8fce33383e8a51a5a295c9d4852af9f0ea7b797ff54d1ccf0cf083337bf8f1cc49126e961baa57b1aaa48eb3f3239c8b0f707878002baad3b97405573576505119a57bf42c49254fbc90261ef2f1150f5574910a790c41c2300d0453c3d3650a63196e6ddbdc33969ce9bebf75e7bbd642ba14ef3a381ff9fc97c76fffe4af445654d447760d74856353b3113d1c41541516e667b0241f3fa0e04a1e783655299df7755c476d5d13c9b0ceab27f6337afe04add110ab1b3621fa2ec717cff18d571f47733dfefe839fa581520667932c0997b1aaa699073a76b0c9ac27192f70dec9922ed349060da6f2a51c98ed67ef99692cad8ef28612cef54e3331e0b269fd1ae2a91966e75334372e2312ac20319ba3b9aa8df45c0e3fe5b379e57a8e771da1b1b285b25090d3877bb97efb56fa4f0ed05051415db49999fe39d634afc74d4844c2a5387284d144012f52c50b3d538c1782bcd997e6c482caae73330c09418e24120c3b36d99c41402d657d6d1b75e5950c4c8c501fade35337fc2a4b72213ed3f7045f7ef19f39347f8eeef3bd74066a5853b3822a5de7ecf810a3d50e07a6fb88e7d25cddd84173f512f68f9dc2510502190741f3507c877c3e872582521a216fc8649c0296e0b3496ce17d9b6ee82ed5c3dd4ffffd77deb516d2a578d7c109f02f5ffc7a4fdbfb36d6d72a250dc78f9e6ec863235795e278369ee81799e5799b50b4141216c9448e60b49c354b56b2aabd9e6a4de19a0deba9b22b391b1fe68f9e7e98eed91e7efffdbfc2d57203a61be27c32c963338739d8779235f54dacd0eb28530c0e8e1d612e3d8e3f394b46cf32efd4930eb88c6727e93a9e63702e4d4ecf30b450c1e1d7e6696cbe99f90593c1be1475152d785997b3478f73c3f6ab894fcfe0e70c5674d6b27f6f1f55d50252a19ce9f1736cd8b483d7ce9d25e14888258dec3d3d43a16c1ddfed9ae268aa82578765f64c4d723625732a26727826cda4a0332bfb5066e0290e8a25f3d0c69bf8b37b3fcdb2e64ef61e3844b4a48407d6be07951487074e3372f6149a2492f73cb20edcba662b65a6c9e9a1f3cc64e6492f2e70e6e429f490c6ae73fb7965f61c0bf939d238b8a938682a8ea1e10783589282339b8034b447eaf8935b3f31765ddbe62e47a4ebdb5ff88777fdccf9ae174497a2420c74ddd8716bbd3d97af7fecdc9b0d89d3431092d142264151c0d434c6ce0c91d5427cf3d42efad3b37cf4a67bd8d9b88a35a5e5444311b28905fef9f527e9111708b4d5136ea825263894065422719953a7cff0cae117c96416f8c36b7f8db6756b289f8dc2581fc1aa089e64a02922a9944cc63151a326c3399b83d3056a9c39344de6c56327492fccd152534e703486646569aad940eff13c3dc77bd8b8e966fee5cd134ccf55b3b241e0d4ab33acee58c633cff6b2af7792c69636e2e706198fa5d192039c9d5ec00b45b03c0f41ac405343f89a4641c8812683e6e38bc5aebf191b4548cd12c2a422584759a08285649c1f4cec2275a69ff38b49d480826b152894983c317d8a4f9264b919a0b6b105fb99e7a9ae2c255deaf24f875f24e1e4c9a8364482b0b888ababb89e0739071c0f4d0cd12c36717dcbf2b1f7acdf36bebe7e4dd74c3ad67d5dd9ca77b54abf14ff5f3227c08fbff1c4f86dbf7e6fe4ae6db74580f0e4ec7c249bcee064b3d8ae4bcacd236a21f4b23005d3632c36cae4e40882e7d3d1b80630f8c6c0337c71d7b7b0459fb2824ca0a0e20782882193aa7084dad62a0e8c76132ba4f97feddd79709c777dc7f1f773efbddad52dedda567cdf676cd9314ee22371ee846012272529874b206598748036a51426fc4343b952a034a514320d093894248d0371704edb526c1c1fb2e54396656957e74aabbd9edd7dae7dfa8730c9d000433175ecea35f3ccecfefb9bcf7c777fcff3fcbedff57337e25582ec2b1ea5a3ff2482508bdf9448e78f5071024881a908913cbeda06d4d01c52d6598acd1e062a7932a24d8fa471d212395e924906a7b0b34f276937b0b32fcb1b390f27a52a5e1e7018f436f2624f9ef61187b4398521b19683e922a9408081e23876631021e8a08405ecbc84aba9d8ae8d37a461db4522a100b65e4642c3b2d3f48fa639d8dfc54b1d7bf8e5e9fda48b031c1f39c39eeea31c35d2b8f57ec0a698cf42b88e6d4baf619a18e295d449769e7e09b52a88bfbe9a81e13e84a08f806e53e32ae4532328b29780e323648568919ad858bf24b175c1c6cebb565efb42d628b5572ac60bcbaa679fb763177fa80b5639016e99bf61fbaee4111eb8f6c389f56bae883fb37b47ecf95fee8aa53d4ebce0b1f188010ad93472b5862ee678f6c4ab749f4ee051ea60d8e1c19eefc2dc28e11359fefcf28d2c5fb28eefb5bfc4a3cf3fcdedb35bd99b3fcdb1f44966a9f3a8914378078acc4af951ba2daa3d1e063c07f1d72d43d74771cac7f178e76167b394465e4153ebf09722c46a6630f7ca991ce93ccc786e0c2b683038d68520b9ac597633271287e84b4149ee411166509693947222d76d5a4b369ba72bd94b281442af583863123e33889831914c074f58a364ea047d1ad9dc10aaa2904ba5c014112a12f2653192199b64722f98265a430555f53260e4d01a6aa92d0a5cb36c1511dde2c73ffb05d7ce59c3322782c711e9eeed85908268598cf5f743d887592cd224fa184da5905a1a132bccdae4f2194b93ad53977159600a53820d897da70f27cf8c0db65d3befaa0b522ddfee8f3ab77ebe1c280eb59e499d899f1a381ddb3affbad889eeae784f3211fb51e950eccc60229e1c1b04d1024544b24d3c76059f20911253786297a1241d76def708ad75b3d8574ed2fad0bdb801030c9746b796bfb9ea6eee5cb799bc64f2f9ed8fb023d98e1eae40d08b3d9ec72d98135d7945115196f13a126e46a7a8c18f6efa322d9e5a1e38f40df6e48f428fc4432b3fc0bdebae241d6e228eccd9d10e6efb8fbf27e12d73ad3487af6ffe24562c46c8eec7901bf8daeea7f94efb0fd02c78f886cff0be45eb182e9dc2f1d6618f0fd13e7284877efc4f9405935240211a8d113b53e464f55b13d7dee9fcfc83576ee3fe39eba9cba98c0b165a6d0d0e164f1ddfc5833ff936c335e368aa1f2357829c0162906a21c4faf8c2c47b576f6c7feac40b6d8d9e707249f33c66476750ad8613f3aa63173c94e75cd0ca79ce725f433bd00eb0a1a7ab5590a4b8b7c61b7b66cefdb182ecc67bcc34af273b633b3af6c4da129d71dd6ba14742d484aa28a70d2cd3e4d581634caf9f46a4e8704bed7cf6bbc354691a9be7ace4e67557e3577c1c1eeca6373d40ce2a50a988d0972112a9410af918cb8c832822da153c159939d3e770df4defe7a6d04a0646c6104c07b2651a7dcdacd978356784122ffef89b44643fb75c73230f6ffb12773ffcb7dc71effb98136be2074f3fce9b95013e7edb27f9d4da2decdbf5148e5b61fda256f61e3b40e7e8418aa68a61e6f879a683f1400555d0f047a3a4659b8c564412d45fafd1dbdfe53ff7f964a19f0e6380557533c9e17264e420bbf7efe195d3071816f260cb18c369aa94104b662f4fac9cb722b96adac2e4826073e2f58e37db7f72f397fe24677fce97774538dfaeb565e6af837a7d36d95a76acb85e2a53a57863dfd9fa99d8a191eed52f77ec8f1de8ea8c1fc975e3d55da48097c73b5f211a8db2b571318f7de20b1c141276a600000ba7494441546494ccd018cbe2f388e0e3f8e8699edbb78bae4c1f15cd01d121561f233d92a298d7419590027eecd171829166eebbe783c475098fa4207a54ca051d32659636c698ed8df3e59f7c85474e3c45b55b43b8a6993bd7ddca07a66e645acb2cbefada937c6dcfbfa1446b19ffea97f9dc87eee7b62557f08b7d7bc034305319ecbe110e0f8da284654ee4cec2947a2a7da358c319f0c9546a7d4865fb77aed58f76ff94037b5ea5458b92175d86ca7992e9216cb184b4e032021907dba870d382b589076edfd6fed2e937dbacb2954cc9b9c447165df7aea990bfcdbb2e9c6fd7108efd3aa8002f660fb7fa2c29f9770b6f5f7dc2bf802daf7d316e3b024640a02371946f3c5f243fa3873bde730d0b3d318af1386574769edacb4f77efe4f5a10ed29a81e457700c9de47002afd74b34d644c62ca1047d288ac2d0c028df7fe2714cdbe2a12bab88866a10e589bda362bb686e99a9868a5cdf8c6c7989464228a3195a64154df0105d3a97f15f78d0fbfbf8d00d77108e44689e3b832942018f1a65ddd2cbb971c90c8e570518e9eba6e389b3f4e72ca25a9880a231285a582507f7edd369f89f9f23b39b19e91f23951b276b94d1eaa3a875b5d8a3c3387a1ef76c85ad6b6e4c7ce29a3bda8ff7746fffd4ccf7beab2be56f7a5787f3376d0a2f6e07da7f766457b257ca71dfe29bd97eaa3d9e288d82d7c7b1d1537c21d5c7ab890ede533f8bf11a0f030303747475723ad74f3660a3567970ad22e865f085a9680ab2cf83eb942917757c81205640634fe721ca3e91d1629e063542d81f8488975f6692ec3e7690adb7de4efcd0624a1e93cd0b176219e36483a3ec3db493ebe7aee3d1cd9fa57f4a9eadb1cdf85c9152a94425e8619f7396d3870f70e6f86e5a36ace7fdf145dcb9f46afef9f44b0ce7c618362dd468189f2ba22bbf7b3dc6cf74835341f27910541935a022fa3d905609e705b6aeb82e71f71537b61f4f9cdd7ee79c0d175530e1220be739d72ddab0fdb183cff0c095f7e278423cb6ffb9388e45b14a211f52f979e6183dc96ece680615d3c0744cb4fa20a832b6e0e21a0e7e3984ae8a18d971c675934855989c6d511c4d236b1a4a6d152a302d5443a054c1d64b10f6d26fdbfcd7f1fd987291250bd7902b0d532aeb8cca594e94929c681b60a63a8596e59753ed9c22d3dd47436d33e5de61daf7ec62ff9b7d9ceaeb829845e49921367f74160be6cec7e87d1deaa288b603aa44a15cc215debad3f74e95d32f0528fb044459422b3b943339acfe519482c0f268031fbbf6ce643235d476310613fed8096e17d03d4b6fd97e7434b1fdbe15b7b47f70de558990e16014d3c8b289a9187488c3e8b28e19a8208525bc61055c934ad9000b025a043118a4a6a119615cc7ed4de11b2dc2680ec999188ceab526a666181e89bc590647a4c51b614a7d237b3b0eb2e61feee58b4f7c8b81bcce88ebe1d8508e19f31631648d73cde7ff8ccf7dfaafe9490dd24791815296cffed5a7f9ca039f65e1f4f968c128cd9e00d5de0082aa52ceebc8864075ae82399c468b847eef1a083ab8bfea43eff7f88878aaf079aad8306775e2c32b6f6df39585ed2dd1baf3d254eb42b8282be739d74d5db5fdb913afb06de5664ee9dd2407f6c7edbe01447f106d7e13e5e13492e560168a94722e944be0f1822361992e957c01cb946954027cecae7b699a319d871f7b94a3bd67f036d5a3db057a9d3cf1ea26946890c8603fb30c854faedb4257fe14c39e716eb86c0d4245e37bcfed22e5f85933eb729622f2e06d9bd15c0ff1d665ec4df7f164d73eee6aa96743fd3abeb1f11e7676fe8ce97317e34f9739f0da5ebc82c683b7dfcbcc92c8979efd1e87331904e1addff5773a79afa0a07a0394b329d2e51cb223e1f35527d62ebea23d5dacb425d37d6d57cf5bfbaedff8fc3617ec09d1f9f2c36f7ebf73d53d1bb861d686b03026864ef60e864d51406b6ac44c9dc551457c554124590141a662bb204b98b2006e15e55481aae61696ac7a0f15d54777df2023399d7245a42a6d31654913a7e9e58d9ea3f4eb79b2219944ba9fa5b1d9ac9fbe02a5dac70f8fefe0c9dd8f61e5cea2fa5ceaa6b5b03cbe9895cdd3d8ddb5977fdcf1ef746706d93fd84bc64ab36eee6cd686a731a49afcb0e70dfef5f5e7685403dcdaba1e5351d873ea14a94c1e9f4746a90828ae80ea8a681501d515501d01b5229023836d9540f6e1563cccab99cbe7376debcc950b2f7c7ae51d5ffbc1b7fe6f4e49fea9bc2b6ec29f0fdf3df8cc96a686a62d4f1f7bad75c7b1f678ff600fd533aa706d07c3b0304a656ccb0644248f86aaaa041b1ac90e8e608c8c33a5ba1ebfd7472a9fc1f629081e15315544097919d5d3b8ae437d384a6e284b296370d9d4e9080503d3e792f31a6485228e6da15a2a61cb8bc79049071d8aba8e6057087a7dd8a685280b446aaab12b0eb95367f15cd6484e71114b164dae875c7a9c51b704b39a110bfa5b1d4b7ef30202b561d01decc1029737cd4f7c74f35dc9554d0bb69fcd0cb76dba40cfc3cfa78bbe729ef3ecbf3cd9b9f1fe2d6c98db1ac6704263c9d1705a28e33820482a5ad08fb72a8c12f4604b603a263a3a8e6443294bb694216d64d12583b2ea50ce8f5051fd880d410caf8093cb21654b7825897c44211d30b0fd1ac3c6182557478bfa907c1aa651a26895290414ec88821af412aaafa28449c9d5b1aa35b25e87bc6a802691572d1ccdc5762d0ab90c8a26a1d486305d03c91227da300ae244bf3a499c983f244b2049984319c4b4c90dd396271eb8eacef674a1f082ac286d1b2e8160c2255439cfd97ee6f52dd3820dad47ce1c5ffd89d7be13336d236ebb1613130564102b6095c1302034317e8f5c11af2f802ac9e866195b11a15c04d3037e15c5a7e11545845299b259c60e7bd19aaaf1f41b14f2e354cc223e5541d154caae4bc9868a2023640ab8a240b03a4cbe580059a0aa3a4a663405d91c5801f0aa68c100014bc0a7db54295e2c5524911b23206813c35e5d175b70b18489a6b1955f5dd1a2cccaa973127f79fd5ded678713db3fbeeaee8b7257fedb5c72e10478b66b776bfbe0a9d58e26c5fa0693ab4f9ced8a25c786e28ee810ae0a12ad0a13f079f0282154c4846c39c9faeabaa42acb8ce7f354243756b6acd898958f771d3f41ff503f443cd014028f00a512b25e065543a908a86e059f24a1aa2a862c326e18187a9e504d1d85549a88e6433127da71176d9b42a940a8a981e9fdd1c4b255972797cc5b90acf785a956bc780519455590033e8a6686926d92d37532853ce97c966c2147412f52b24d56d7ce60e982a5897d5d87da3fb262cb25154cb844c379cec75e7ca4d587b2face0557c58633a3711b97a0d74b341c26ecf5921d2f511b8924bebdef3f93c37a3a2949128ee3d0e88fc6fe62c9cdb163a4e2d9a111ba7b7b62ed835db137f4b3f191f23052a94455d92433ad1a472f8161228b32a22c61520145024d41182ba078bd287e3fb6e922166c822589699e9ac48a190b921f58746bdb8e937b92a1da70724ab481a8eac52ba9a85e152470702898050aa512e942966c214bb630f13d80ca94da669ac27589eb675ebc3bf2dfe5920ee7392ff71c68b56c3b6e3ae6c4e3ca400055925051c1911233dfe14d9c03d99ed6bc918ff7a5fbd1752376cbb2cdb11d275e59fde8cf1f8f1d19391eaf6eae26ed99d86c89a288c7e3a352a9502aeb204bf8427e480ce3fa7d943279107ccc8e2d4c5c3f7579f27d33af686b3bf566d2e7f1b47dbcf5f64b3258e7c3ff8b709e0f2f8f75b6f60cf6ae9e5fdf1cfbfae167e24f9c7c25a6a632315796e3a2aa21882265cb04cb4252e5896913e10a62ce263c0a1f597b7b62dba6bbdb9fed686b0bbbfeb66d8b374d86f2f7980ce71fe891ce275bdf1ce9898f64c75b4d97d5078f1f5d3d961d436baac7170e92194be3164a043c3eaab21156cd5d94b879c5da64ebb4396d67467bdaaf8badb8e4fe1bfea94c86f37fe92b9d4fb65e3b63d5ea7d870fae3ed473121d075112b14c8b90eaa5215ac3dae59ba80d8613474e9f4cd605abdaae6e9839592dff0093e1fc233c9fdcdd3a9c1a8b9fecef235dcae23820491050bd4c69686146730b8dd1c6c4af5ea69e3469d2a44993264d9a3469d2a44993264dbac8fd37d4d0af8f31ac1cf20000000049454e44ae426082);
INSERT INTO `stocks` (`SID`, `item_name`, `supplier`, `quantity`, `cost_per_item`, `item_desc`, `encoder`, `status`, `deleted`, `image_filepath`, `image_file`) VALUES
(24, 'T-Shirt', 9, 0, 100, '', 50, 'Out of Stock', 'No', '', NULL),
(25, 'mugs', 3, 0, 150, '', 51, 'Out of Stock', 'No', '', NULL);

-- --------------------------------------------------------

--
-- Table structure for table `suppliers`
--

CREATE TABLE `suppliers` (
  `ID` int(100) NOT NULL,
  `name` varchar(100) NOT NULL,
  `contact_no` varchar(50) NOT NULL,
  `email` varchar(50) NOT NULL,
  `description` varchar(100) NOT NULL
) ENGINE=InnoDB DEFAULT CHARSET=latin1;

--
-- Dumping data for table `suppliers`
--

INSERT INTO `suppliers` (`ID`, `name`, `contact_no`, `email`, `description`) VALUES
(3, 'Vienji Works', '09531167151', 'vienjiracaza@proton.me', 'Street Wear'),
(4, 'Dreamers', '09123', 'dream@dreamers.me', 'Manufacturer'),
(5, 'HGHMNDS', '222-2222', 'hghmnds@klmd.lcl', 'LKL'),
(7, 'yves saint ', '0905623456', '', ''),
(8, 'Hiraya Clothing', '8888', '', ''),
(9, 'JecelCorp', '0959058752', 'jecelcutie@gmail.com', ''),
(10, 'kecece', '0956787454', '', ''),
(11, 'acecorp', '09056245437', '', 'Idlace');

-- --------------------------------------------------------

--
-- Table structure for table `users_account`
--

CREATE TABLE `users_account` (
  `user_ID` int(100) NOT NULL,
  `name` varchar(50) NOT NULL,
  `username` varchar(50) NOT NULL,
  `password` varchar(50) NOT NULL,
  `access_level` varchar(10) NOT NULL,
  `status` varchar(255) NOT NULL
) ENGINE=InnoDB DEFAULT CHARSET=latin1;

--
-- Dumping data for table `users_account`
--

INSERT INTO `users_account` (`user_ID`, `name`, `username`, `password`, `access_level`, `status`) VALUES
(12, 'admin', 'admin', 'admin', 'admin', 'active'),
(38, 'Vienji Racaza', 'vienjiracaza', 'pass', 'admin', 'active'),
(39, 'Angel Grace Dayon', 'angelgrace', 'pass', 'admin', 'active'),
(40, 'Queenie Rose Javier', 'queenierose', 'pass', 'admin', 'active'),
(41, 'Jecel Mae Licor', 'jecelmae', 'pass', 'admin', 'active'),
(48, 'Vienji Racaza', 'vienji', 'pass', 'staff', 'inactive'),
(50, 'Lyn Dela Cruz', 'lalyndelacruz', 'pass', 'cashier', 'active'),
(51, 'Dove Cameron', 'dove', 'dove', 'staff', 'active'),
(52, 'cashier', 'cashier', '12345', 'cashier', 'active');

--
-- Indexes for dumped tables
--

--
-- Indexes for table `accounts`
--
ALTER TABLE `accounts`
  ADD PRIMARY KEY (`AID`),
  ADD KEY `accounts_ibfk_1` (`AGID`);

--
-- Indexes for table `account_group`
--
ALTER TABLE `account_group`
  ADD PRIMARY KEY (`AGID`);

--
-- Indexes for table `general_journal`
--
ALTER TABLE `general_journal`
  ADD PRIMARY KEY (`JID`);

--
-- Indexes for table `journal_entry`
--
ALTER TABLE `journal_entry`
  ADD PRIMARY KEY (`JEID`),
  ADD KEY `journal_entry_ibfk_1` (`encoder`),
  ADD KEY `JID` (`JID`);

--
-- Indexes for table `journal_item`
--
ALTER TABLE `journal_item`
  ADD KEY `JEID` (`JEID`),
  ADD KEY `journal_item_ibfk_1` (`account`);

--
-- Indexes for table `orders`
--
ALTER TABLE `orders`
  ADD PRIMARY KEY (`OID`),
  ADD KEY `orders_ibfk_1` (`ordered_by`),
  ADD KEY `orders_ibfk_2` (`payment_method`),
  ADD KEY `orders_ibfk_3` (`receiver`),
  ADD KEY `orders_ibfk_4` (`supplier`);

--
-- Indexes for table `order_items`
--
ALTER TABLE `order_items`
  ADD KEY `OID` (`OID`);

--
-- Indexes for table `stocks`
--
ALTER TABLE `stocks`
  ADD PRIMARY KEY (`SID`),
  ADD KEY `supplier` (`supplier`),
  ADD KEY `encoder` (`encoder`);

--
-- Indexes for table `suppliers`
--
ALTER TABLE `suppliers`
  ADD PRIMARY KEY (`ID`);

--
-- Indexes for table `users_account`
--
ALTER TABLE `users_account`
  ADD PRIMARY KEY (`user_ID`);

--
-- AUTO_INCREMENT for dumped tables
--

--
-- AUTO_INCREMENT for table `accounts`
--
ALTER TABLE `accounts`
  MODIFY `AID` int(50) NOT NULL AUTO_INCREMENT, AUTO_INCREMENT=26;

--
-- AUTO_INCREMENT for table `account_group`
--
ALTER TABLE `account_group`
  MODIFY `AGID` int(50) NOT NULL AUTO_INCREMENT, AUTO_INCREMENT=6;

--
-- AUTO_INCREMENT for table `journal_entry`
--
ALTER TABLE `journal_entry`
  MODIFY `JEID` int(50) NOT NULL AUTO_INCREMENT, AUTO_INCREMENT=113;

--
-- AUTO_INCREMENT for table `orders`
--
ALTER TABLE `orders`
  MODIFY `OID` int(50) NOT NULL AUTO_INCREMENT, AUTO_INCREMENT=39;

--
-- AUTO_INCREMENT for table `stocks`
--
ALTER TABLE `stocks`
  MODIFY `SID` int(255) NOT NULL AUTO_INCREMENT, AUTO_INCREMENT=26;

--
-- AUTO_INCREMENT for table `suppliers`
--
ALTER TABLE `suppliers`
  MODIFY `ID` int(100) NOT NULL AUTO_INCREMENT, AUTO_INCREMENT=12;

--
-- AUTO_INCREMENT for table `users_account`
--
ALTER TABLE `users_account`
  MODIFY `user_ID` int(100) NOT NULL AUTO_INCREMENT, AUTO_INCREMENT=53;

--
-- Constraints for dumped tables
--

--
-- Constraints for table `accounts`
--
ALTER TABLE `accounts`
  ADD CONSTRAINT `accounts_ibfk_1` FOREIGN KEY (`AGID`) REFERENCES `account_group` (`AGID`) ON DELETE NO ACTION ON UPDATE NO ACTION;

--
-- Constraints for table `journal_entry`
--
ALTER TABLE `journal_entry`
  ADD CONSTRAINT `journal_entry_ibfk_2` FOREIGN KEY (`JID`) REFERENCES `general_journal` (`JID`) ON DELETE CASCADE ON UPDATE CASCADE,
  ADD CONSTRAINT `journal_entry_ibfk_3` FOREIGN KEY (`encoder`) REFERENCES `users_account` (`user_ID`) ON DELETE NO ACTION ON UPDATE NO ACTION;

--
-- Constraints for table `journal_item`
--
ALTER TABLE `journal_item`
  ADD CONSTRAINT `journal_item_ibfk_1` FOREIGN KEY (`account`) REFERENCES `accounts` (`AID`) ON DELETE NO ACTION ON UPDATE NO ACTION,
  ADD CONSTRAINT `journal_item_ibfk_2` FOREIGN KEY (`JEID`) REFERENCES `journal_entry` (`JEID`) ON DELETE CASCADE ON UPDATE CASCADE;

--
-- Constraints for table `orders`
--
ALTER TABLE `orders`
  ADD CONSTRAINT `orders_ibfk_1` FOREIGN KEY (`ordered_by`) REFERENCES `users_account` (`user_ID`) ON DELETE NO ACTION ON UPDATE NO ACTION,
  ADD CONSTRAINT `orders_ibfk_2` FOREIGN KEY (`payment_method`) REFERENCES `accounts` (`AID`) ON DELETE NO ACTION ON UPDATE NO ACTION,
  ADD CONSTRAINT `orders_ibfk_3` FOREIGN KEY (`receiver`) REFERENCES `users_account` (`user_ID`) ON DELETE NO ACTION ON UPDATE NO ACTION,
  ADD CONSTRAINT `orders_ibfk_4` FOREIGN KEY (`supplier`) REFERENCES `suppliers` (`ID`) ON DELETE NO ACTION ON UPDATE NO ACTION;

--
-- Constraints for table `order_items`
--
ALTER TABLE `order_items`
  ADD CONSTRAINT `order_items_ibfk_1` FOREIGN KEY (`OID`) REFERENCES `orders` (`OID`) ON DELETE CASCADE ON UPDATE CASCADE;

--
-- Constraints for table `stocks`
--
ALTER TABLE `stocks`
  ADD CONSTRAINT `stocks_ibfk_1` FOREIGN KEY (`supplier`) REFERENCES `suppliers` (`ID`) ON DELETE NO ACTION ON UPDATE NO ACTION,
  ADD CONSTRAINT `stocks_ibfk_2` FOREIGN KEY (`encoder`) REFERENCES `users_account` (`user_ID`) ON DELETE NO ACTION ON UPDATE NO ACTION;
COMMIT;

/*!40101 SET CHARACTER_SET_CLIENT=@OLD_CHARACTER_SET_CLIENT */;
/*!40101 SET CHARACTER_SET_RESULTS=@OLD_CHARACTER_SET_RESULTS */;
/*!40101 SET COLLATION_CONNECTION=@OLD_COLLATION_CONNECTION */;
